date,date_key,year,quarter,month,month_name,day,weekday
2011-01-01,20110101,2011,2011Q1,1,January,1,Saturday
2011-01-02,20110102,2011,2011Q1,1,January,2,Sunday
2011-01-03,20110103,2011,2011Q1,1,January,3,Monday
2011-01-04,20110104,2011,2011Q1,1,January,4,Tuesday
2011-01-05,20110105,2011,2011Q1,1,January,5,Wednesday
2011-01-06,20110106,2011,2011Q1,1,January,6,Thursday
2011-01-07,20110107,2011,2011Q1,1,January,7,Friday
2011-01-08,20110108,2011,2011Q1,1,January,8,Saturday
2011-01-09,20110109,2011,2011Q1,1,January,9,Sunday
2011-01-10,20110110,2011,2011Q1,1,January,10,Monday
2011-01-11,20110111,2011,2011Q1,1,January,11,Tuesday
2011-01-12,20110112,2011,2011Q1,1,January,12,Wednesday
2011-01-13,20110113,2011,2011Q1,1,January,13,Thursday
2011-01-14,20110114,2011,2011Q1,1,January,14,Friday
2011-01-15,20110115,2011,2011Q1,1,January,15,Saturday
2011-01-16,20110116,2011,2011Q1,1,January,16,Sunday
2011-01-17,20110117,2011,2011Q1,1,January,17,Monday
2011-01-18,20110118,2011,2011Q1,1,January,18,Tuesday
2011-01-19,20110119,2011,2011Q1,1,January,19,Wednesday
2011-01-20,20110120,2011,2011Q1,1,January,20,Thursday
2011-01-21,20110121,2011,2011Q1,1,January,21,Friday
2011-01-22,20110122,2011,2011Q1,1,January,22,Saturday
2011-01-23,20110123,2011,2011Q1,1,January,23,Sunday
2011-01-24,20110124,2011,2011Q1,1,January,24,Monday
2011-01-25,20110125,2011,2011Q1,1,January,25,Tuesday
2011-01-26,20110126,2011,2011Q1,1,January,26,Wednesday
2011-01-27,20110127,2011,2011Q1,1,January,27,Thursday
2011-01-28,20110128,2011,2011Q1,1,January,28,Friday
2011-01-29,20110129,2011,2011Q1,1,January,29,Saturday
2011-01-30,20110130,2011,2011Q1,1,January,30,Sunday
2011-01-31,20110131,2011,2011Q1,1,January,31,Monday
2011-02-01,20110201,2011,2011Q1,2,February,1,Tuesday
2011-02-02,20110202,2011,2011Q1,2,February,2,Wednesday
2011-02-03,20110203,2011,2011Q1,2,February,3,Thursday
2011-02-04,20110204,2011,2011Q1,2,February,4,Friday
2011-02-05,20110205,2011,2011Q1,2,February,5,Saturday
2011-02-06,20110206,2011,2011Q1,2,February,6,Sunday
2011-02-07,20110207,2011,2011Q1,2,February,7,Monday
2011-02-08,20110208,2011,2011Q1,2,February,8,Tuesday
2011-02-09,20110209,2011,2011Q1,2,February,9,Wednesday
2011-02-10,20110210,2011,2011Q1,2,February,10,Thursday
2011-02-11,20110211,2011,2011Q1,2,February,11,Friday
2011-02-12,20110212,2011,2011Q1,2,February,12,Saturday
2011-02-13,20110213,2011,2011Q1,2,February,13,Sunday
2011-02-14,20110214,2011,2011Q1,2,February,14,Monday
2011-02-15,20110215,2011,2011Q1,2,February,15,Tuesday
2011-02-16,20110216,2011,2011Q1,2,February,16,Wednesday
2011-02-17,20110217,2011,2011Q1,2,February,17,Thursday
2011-02-18,20110218,2011,2011Q1,2,February,18,Friday
2011-02-19,20110219,2011,2011Q1,2,February,19,Saturday
2011-02-20,20110220,2011,2011Q1,2,February,20,Sunday
2011-02-21,20110221,2011,2011Q1,2,February,21,Monday
2011-02-22,20110222,2011,2011Q1,2,February,22,Tuesday
2011-02-23,20110223,2011,2011Q1,2,February,23,Wednesday
2011-02-24,20110224,2011,2011Q1,2,February,24,Thursday
2011-02-25,20110225,2011,2011Q1,2,February,25,Friday
2011-02-26,20110226,2011,2011Q1,2,February,26,Saturday
2011-02-27,20110227,2011,2011Q1,2,February,27,Sunday
2011-02-28,20110228,2011,2011Q1,2,February,28,Monday
2011-03-01,20110301,2011,2011Q1,3,March,1,Tuesday
2011-03-02,20110302,2011,2011Q1,3,March,2,Wednesday
2011-03-03,20110303,2011,2011Q1,3,March,3,Thursday
2011-03-04,20110304,2011,2011Q1,3,March,4,Friday
2011-03-05,20110305,2011,2011Q1,3,March,5,Saturday
2011-03-06,20110306,2011,2011Q1,3,March,6,Sunday
2011-03-07,20110307,2011,2011Q1,3,March,7,Monday
2011-03-08,20110308,2011,2011Q1,3,March,8,Tuesday
2011-03-09,20110309,2011,2011Q1,3,March,9,Wednesday
2011-03-10,20110310,2011,2011Q1,3,March,10,Thursday
2011-03-11,20110311,2011,2011Q1,3,March,11,Friday
2011-03-12,20110312,2011,2011Q1,3,March,12,Saturday
2011-03-13,20110313,2011,2011Q1,3,March,13,Sunday
2011-03-14,20110314,2011,2011Q1,3,March,14,Monday
2011-03-15,20110315,2011,2011Q1,3,March,15,Tuesday
2011-03-16,20110316,2011,2011Q1,3,March,16,Wednesday
2011-03-17,20110317,2011,2011Q1,3,March,17,Thursday
2011-03-18,20110318,2011,2011Q1,3,March,18,Friday
2011-03-19,20110319,2011,2011Q1,3,March,19,Saturday
2011-03-20,20110320,2011,2011Q1,3,March,20,Sunday
2011-03-21,20110321,2011,2011Q1,3,March,21,Monday
2011-03-22,20110322,2011,2011Q1,3,March,22,Tuesday
2011-03-23,20110323,2011,2011Q1,3,March,23,Wednesday
2011-03-24,20110324,2011,2011Q1,3,March,24,Thursday
2011-03-25,20110325,2011,2011Q1,3,March,25,Friday
2011-03-26,20110326,2011,2011Q1,3,March,26,Saturday
2011-03-27,20110327,2011,2011Q1,3,March,27,Sunday
2011-03-28,20110328,2011,2011Q1,3,March,28,Monday
2011-03-29,20110329,2011,2011Q1,3,March,29,Tuesday
2011-03-30,20110330,2011,2011Q1,3,March,30,Wednesday
2011-03-31,20110331,2011,2011Q1,3,March,31,Thursday
2011-04-01,20110401,2011,2011Q2,4,April,1,Friday
2011-04-02,20110402,2011,2011Q2,4,April,2,Saturday
2011-04-03,20110403,2011,2011Q2,4,April,3,Sunday
2011-04-04,20110404,2011,2011Q2,4,April,4,Monday
2011-04-05,20110405,2011,2011Q2,4,April,5,Tuesday
2011-04-06,20110406,2011,2011Q2,4,April,6,Wednesday
2011-04-07,20110407,2011,2011Q2,4,April,7,Thursday
2011-04-08,20110408,2011,2011Q2,4,April,8,Friday
2011-04-09,20110409,2011,2011Q2,4,April,9,Saturday
2011-04-10,20110410,2011,2011Q2,4,April,10,Sunday
2011-04-11,20110411,2011,2011Q2,4,April,11,Monday
2011-04-12,20110412,2011,2011Q2,4,April,12,Tuesday
2011-04-13,20110413,2011,2011Q2,4,April,13,Wednesday
2011-04-14,20110414,2011,2011Q2,4,April,14,Thursday
2011-04-15,20110415,2011,2011Q2,4,April,15,Friday
2011-04-16,20110416,2011,2011Q2,4,April,16,Saturday
2011-04-17,20110417,2011,2011Q2,4,April,17,Sunday
2011-04-18,20110418,2011,2011Q2,4,April,18,Monday
2011-04-19,20110419,2011,2011Q2,4,April,19,Tuesday
2011-04-20,20110420,2011,2011Q2,4,April,20,Wednesday
2011-04-21,20110421,2011,2011Q2,4,April,21,Thursday
2011-04-22,20110422,2011,2011Q2,4,April,22,Friday
2011-04-23,20110423,2011,2011Q2,4,April,23,Saturday
2011-04-24,20110424,2011,2011Q2,4,April,24,Sunday
2011-04-25,20110425,2011,2011Q2,4,April,25,Monday
2011-04-26,20110426,2011,2011Q2,4,April,26,Tuesday
2011-04-27,20110427,2011,2011Q2,4,April,27,Wednesday
2011-04-28,20110428,2011,2011Q2,4,April,28,Thursday
2011-04-29,20110429,2011,2011Q2,4,April,29,Friday
2011-04-30,20110430,2011,2011Q2,4,April,30,Saturday
2011-05-01,20110501,2011,2011Q2,5,May,1,Sunday
2011-05-02,20110502,2011,2011Q2,5,May,2,Monday
2011-05-03,20110503,2011,2011Q2,5,May,3,Tuesday
2011-05-04,20110504,2011,2011Q2,5,May,4,Wednesday
2011-05-05,20110505,2011,2011Q2,5,May,5,Thursday
2011-05-06,20110506,2011,2011Q2,5,May,6,Friday
2011-05-07,20110507,2011,2011Q2,5,May,7,Saturday
2011-05-08,20110508,2011,2011Q2,5,May,8,Sunday
2011-05-09,20110509,2011,2011Q2,5,May,9,Monday
2011-05-10,20110510,2011,2011Q2,5,May,10,Tuesday
2011-05-11,20110511,2011,2011Q2,5,May,11,Wednesday
2011-05-12,20110512,2011,2011Q2,5,May,12,Thursday
2011-05-13,20110513,2011,2011Q2,5,May,13,Friday
2011-05-14,20110514,2011,2011Q2,5,May,14,Saturday
2011-05-15,20110515,2011,2011Q2,5,May,15,Sunday
2011-05-16,20110516,2011,2011Q2,5,May,16,Monday
2011-05-17,20110517,2011,2011Q2,5,May,17,Tuesday
2011-05-18,20110518,2011,2011Q2,5,May,18,Wednesday
2011-05-19,20110519,2011,2011Q2,5,May,19,Thursday
2011-05-20,20110520,2011,2011Q2,5,May,20,Friday
2011-05-21,20110521,2011,2011Q2,5,May,21,Saturday
2011-05-22,20110522,2011,2011Q2,5,May,22,Sunday
2011-05-23,20110523,2011,2011Q2,5,May,23,Monday
2011-05-24,20110524,2011,2011Q2,5,May,24,Tuesday
2011-05-25,20110525,2011,2011Q2,5,May,25,Wednesday
2011-05-26,20110526,2011,2011Q2,5,May,26,Thursday
2011-05-27,20110527,2011,2011Q2,5,May,27,Friday
2011-05-28,20110528,2011,2011Q2,5,May,28,Saturday
2011-05-29,20110529,2011,2011Q2,5,May,29,Sunday
2011-05-30,20110530,2011,2011Q2,5,May,30,Monday
2011-05-31,20110531,2011,2011Q2,5,May,31,Tuesday
2011-06-01,20110601,2011,2011Q2,6,June,1,Wednesday
2011-06-02,20110602,2011,2011Q2,6,June,2,Thursday
2011-06-03,20110603,2011,2011Q2,6,June,3,Friday
2011-06-04,20110604,2011,2011Q2,6,June,4,Saturday
2011-06-05,20110605,2011,2011Q2,6,June,5,Sunday
2011-06-06,20110606,2011,2011Q2,6,June,6,Monday
2011-06-07,20110607,2011,2011Q2,6,June,7,Tuesday
2011-06-08,20110608,2011,2011Q2,6,June,8,Wednesday
2011-06-09,20110609,2011,2011Q2,6,June,9,Thursday
2011-06-10,20110610,2011,2011Q2,6,June,10,Friday
2011-06-11,20110611,2011,2011Q2,6,June,11,Saturday
2011-06-12,20110612,2011,2011Q2,6,June,12,Sunday
2011-06-13,20110613,2011,2011Q2,6,June,13,Monday
2011-06-14,20110614,2011,2011Q2,6,June,14,Tuesday
2011-06-15,20110615,2011,2011Q2,6,June,15,Wednesday
2011-06-16,20110616,2011,2011Q2,6,June,16,Thursday
2011-06-17,20110617,2011,2011Q2,6,June,17,Friday
2011-06-18,20110618,2011,2011Q2,6,June,18,Saturday
2011-06-19,20110619,2011,2011Q2,6,June,19,Sunday
2011-06-20,20110620,2011,2011Q2,6,June,20,Monday
2011-06-21,20110621,2011,2011Q2,6,June,21,Tuesday
2011-06-22,20110622,2011,2011Q2,6,June,22,Wednesday
2011-06-23,20110623,2011,2011Q2,6,June,23,Thursday
2011-06-24,20110624,2011,2011Q2,6,June,24,Friday
2011-06-25,20110625,2011,2011Q2,6,June,25,Saturday
2011-06-26,20110626,2011,2011Q2,6,June,26,Sunday
2011-06-27,20110627,2011,2011Q2,6,June,27,Monday
2011-06-28,20110628,2011,2011Q2,6,June,28,Tuesday
2011-06-29,20110629,2011,2011Q2,6,June,29,Wednesday
2011-06-30,20110630,2011,2011Q2,6,June,30,Thursday
2011-07-01,20110701,2011,2011Q3,7,July,1,Friday
2011-07-02,20110702,2011,2011Q3,7,July,2,Saturday
2011-07-03,20110703,2011,2011Q3,7,July,3,Sunday
2011-07-04,20110704,2011,2011Q3,7,July,4,Monday
2011-07-05,20110705,2011,2011Q3,7,July,5,Tuesday
2011-07-06,20110706,2011,2011Q3,7,July,6,Wednesday
2011-07-07,20110707,2011,2011Q3,7,July,7,Thursday
2011-07-08,20110708,2011,2011Q3,7,July,8,Friday
2011-07-09,20110709,2011,2011Q3,7,July,9,Saturday
2011-07-10,20110710,2011,2011Q3,7,July,10,Sunday
2011-07-11,20110711,2011,2011Q3,7,July,11,Monday
2011-07-12,20110712,2011,2011Q3,7,July,12,Tuesday
2011-07-13,20110713,2011,2011Q3,7,July,13,Wednesday
2011-07-14,20110714,2011,2011Q3,7,July,14,Thursday
2011-07-15,20110715,2011,2011Q3,7,July,15,Friday
2011-07-16,20110716,2011,2011Q3,7,July,16,Saturday
2011-07-17,20110717,2011,2011Q3,7,July,17,Sunday
2011-07-18,20110718,2011,2011Q3,7,July,18,Monday
2011-07-19,20110719,2011,2011Q3,7,July,19,Tuesday
2011-07-20,20110720,2011,2011Q3,7,July,20,Wednesday
2011-07-21,20110721,2011,2011Q3,7,July,21,Thursday
2011-07-22,20110722,2011,2011Q3,7,July,22,Friday
2011-07-23,20110723,2011,2011Q3,7,July,23,Saturday
2011-07-24,20110724,2011,2011Q3,7,July,24,Sunday
2011-07-25,20110725,2011,2011Q3,7,July,25,Monday
2011-07-26,20110726,2011,2011Q3,7,July,26,Tuesday
2011-07-27,20110727,2011,2011Q3,7,July,27,Wednesday
2011-07-28,20110728,2011,2011Q3,7,July,28,Thursday
2011-07-29,20110729,2011,2011Q3,7,July,29,Friday
2011-07-30,20110730,2011,2011Q3,7,July,30,Saturday
2011-07-31,20110731,2011,2011Q3,7,July,31,Sunday
2011-08-01,20110801,2011,2011Q3,8,August,1,Monday
2011-08-02,20110802,2011,2011Q3,8,August,2,Tuesday
2011-08-03,20110803,2011,2011Q3,8,August,3,Wednesday
2011-08-04,20110804,2011,2011Q3,8,August,4,Thursday
2011-08-05,20110805,2011,2011Q3,8,August,5,Friday
2011-08-06,20110806,2011,2011Q3,8,August,6,Saturday
2011-08-07,20110807,2011,2011Q3,8,August,7,Sunday
2011-08-08,20110808,2011,2011Q3,8,August,8,Monday
2011-08-09,20110809,2011,2011Q3,8,August,9,Tuesday
2011-08-10,20110810,2011,2011Q3,8,August,10,Wednesday
2011-08-11,20110811,2011,2011Q3,8,August,11,Thursday
2011-08-12,20110812,2011,2011Q3,8,August,12,Friday
2011-08-13,20110813,2011,2011Q3,8,August,13,Saturday
2011-08-14,20110814,2011,2011Q3,8,August,14,Sunday
2011-08-15,20110815,2011,2011Q3,8,August,15,Monday
2011-08-16,20110816,2011,2011Q3,8,August,16,Tuesday
2011-08-17,20110817,2011,2011Q3,8,August,17,Wednesday
2011-08-18,20110818,2011,2011Q3,8,August,18,Thursday
2011-08-19,20110819,2011,2011Q3,8,August,19,Friday
2011-08-20,20110820,2011,2011Q3,8,August,20,Saturday
2011-08-21,20110821,2011,2011Q3,8,August,21,Sunday
2011-08-22,20110822,2011,2011Q3,8,August,22,Monday
2011-08-23,20110823,2011,2011Q3,8,August,23,Tuesday
2011-08-24,20110824,2011,2011Q3,8,August,24,Wednesday
2011-08-25,20110825,2011,2011Q3,8,August,25,Thursday
2011-08-26,20110826,2011,2011Q3,8,August,26,Friday
2011-08-27,20110827,2011,2011Q3,8,August,27,Saturday
2011-08-28,20110828,2011,2011Q3,8,August,28,Sunday
2011-08-29,20110829,2011,2011Q3,8,August,29,Monday
2011-08-30,20110830,2011,2011Q3,8,August,30,Tuesday
2011-08-31,20110831,2011,2011Q3,8,August,31,Wednesday
2011-09-01,20110901,2011,2011Q3,9,September,1,Thursday
2011-09-02,20110902,2011,2011Q3,9,September,2,Friday
2011-09-03,20110903,2011,2011Q3,9,September,3,Saturday
2011-09-04,20110904,2011,2011Q3,9,September,4,Sunday
2011-09-05,20110905,2011,2011Q3,9,September,5,Monday
2011-09-06,20110906,2011,2011Q3,9,September,6,Tuesday
2011-09-07,20110907,2011,2011Q3,9,September,7,Wednesday
2011-09-08,20110908,2011,2011Q3,9,September,8,Thursday
2011-09-09,20110909,2011,2011Q3,9,September,9,Friday
2011-09-10,20110910,2011,2011Q3,9,September,10,Saturday
2011-09-11,20110911,2011,2011Q3,9,September,11,Sunday
2011-09-12,20110912,2011,2011Q3,9,September,12,Monday
2011-09-13,20110913,2011,2011Q3,9,September,13,Tuesday
2011-09-14,20110914,2011,2011Q3,9,September,14,Wednesday
2011-09-15,20110915,2011,2011Q3,9,September,15,Thursday
2011-09-16,20110916,2011,2011Q3,9,September,16,Friday
2011-09-17,20110917,2011,2011Q3,9,September,17,Saturday
2011-09-18,20110918,2011,2011Q3,9,September,18,Sunday
2011-09-19,20110919,2011,2011Q3,9,September,19,Monday
2011-09-20,20110920,2011,2011Q3,9,September,20,Tuesday
2011-09-21,20110921,2011,2011Q3,9,September,21,Wednesday
2011-09-22,20110922,2011,2011Q3,9,September,22,Thursday
2011-09-23,20110923,2011,2011Q3,9,September,23,Friday
2011-09-24,20110924,2011,2011Q3,9,September,24,Saturday
2011-09-25,20110925,2011,2011Q3,9,September,25,Sunday
2011-09-26,20110926,2011,2011Q3,9,September,26,Monday
2011-09-27,20110927,2011,2011Q3,9,September,27,Tuesday
2011-09-28,20110928,2011,2011Q3,9,September,28,Wednesday
2011-09-29,20110929,2011,2011Q3,9,September,29,Thursday
2011-09-30,20110930,2011,2011Q3,9,September,30,Friday
2011-10-01,20111001,2011,2011Q4,10,October,1,Saturday
2011-10-02,20111002,2011,2011Q4,10,October,2,Sunday
2011-10-03,20111003,2011,2011Q4,10,October,3,Monday
2011-10-04,20111004,2011,2011Q4,10,October,4,Tuesday
2011-10-05,20111005,2011,2011Q4,10,October,5,Wednesday
2011-10-06,20111006,2011,2011Q4,10,October,6,Thursday
2011-10-07,20111007,2011,2011Q4,10,October,7,Friday
2011-10-08,20111008,2011,2011Q4,10,October,8,Saturday
2011-10-09,20111009,2011,2011Q4,10,October,9,Sunday
2011-10-10,20111010,2011,2011Q4,10,October,10,Monday
2011-10-11,20111011,2011,2011Q4,10,October,11,Tuesday
2011-10-12,20111012,2011,2011Q4,10,October,12,Wednesday
2011-10-13,20111013,2011,2011Q4,10,October,13,Thursday
2011-10-14,20111014,2011,2011Q4,10,October,14,Friday
2011-10-15,20111015,2011,2011Q4,10,October,15,Saturday
2011-10-16,20111016,2011,2011Q4,10,October,16,Sunday
2011-10-17,20111017,2011,2011Q4,10,October,17,Monday
2011-10-18,20111018,2011,2011Q4,10,October,18,Tuesday
2011-10-19,20111019,2011,2011Q4,10,October,19,Wednesday
2011-10-20,20111020,2011,2011Q4,10,October,20,Thursday
2011-10-21,20111021,2011,2011Q4,10,October,21,Friday
2011-10-22,20111022,2011,2011Q4,10,October,22,Saturday
2011-10-23,20111023,2011,2011Q4,10,October,23,Sunday
2011-10-24,20111024,2011,2011Q4,10,October,24,Monday
2011-10-25,20111025,2011,2011Q4,10,October,25,Tuesday
2011-10-26,20111026,2011,2011Q4,10,October,26,Wednesday
2011-10-27,20111027,2011,2011Q4,10,October,27,Thursday
2011-10-28,20111028,2011,2011Q4,10,October,28,Friday
2011-10-29,20111029,2011,2011Q4,10,October,29,Saturday
2011-10-30,20111030,2011,2011Q4,10,October,30,Sunday
2011-10-31,20111031,2011,2011Q4,10,October,31,Monday
2011-11-01,20111101,2011,2011Q4,11,November,1,Tuesday
2011-11-02,20111102,2011,2011Q4,11,November,2,Wednesday
2011-11-03,20111103,2011,2011Q4,11,November,3,Thursday
2011-11-04,20111104,2011,2011Q4,11,November,4,Friday
2011-11-05,20111105,2011,2011Q4,11,November,5,Saturday
2011-11-06,20111106,2011,2011Q4,11,November,6,Sunday
2011-11-07,20111107,2011,2011Q4,11,November,7,Monday
2011-11-08,20111108,2011,2011Q4,11,November,8,Tuesday
2011-11-09,20111109,2011,2011Q4,11,November,9,Wednesday
2011-11-10,20111110,2011,2011Q4,11,November,10,Thursday
2011-11-11,20111111,2011,2011Q4,11,November,11,Friday
2011-11-12,20111112,2011,2011Q4,11,November,12,Saturday
2011-11-13,20111113,2011,2011Q4,11,November,13,Sunday
2011-11-14,20111114,2011,2011Q4,11,November,14,Monday
2011-11-15,20111115,2011,2011Q4,11,November,15,Tuesday
2011-11-16,20111116,2011,2011Q4,11,November,16,Wednesday
2011-11-17,20111117,2011,2011Q4,11,November,17,Thursday
2011-11-18,20111118,2011,2011Q4,11,November,18,Friday
2011-11-19,20111119,2011,2011Q4,11,November,19,Saturday
2011-11-20,20111120,2011,2011Q4,11,November,20,Sunday
2011-11-21,20111121,2011,2011Q4,11,November,21,Monday
2011-11-22,20111122,2011,2011Q4,11,November,22,Tuesday
2011-11-23,20111123,2011,2011Q4,11,November,23,Wednesday
2011-11-24,20111124,2011,2011Q4,11,November,24,Thursday
2011-11-25,20111125,2011,2011Q4,11,November,25,Friday
2011-11-26,20111126,2011,2011Q4,11,November,26,Saturday
2011-11-27,20111127,2011,2011Q4,11,November,27,Sunday
2011-11-28,20111128,2011,2011Q4,11,November,28,Monday
2011-11-29,20111129,2011,2011Q4,11,November,29,Tuesday
2011-11-30,20111130,2011,2011Q4,11,November,30,Wednesday
2011-12-01,20111201,2011,2011Q4,12,December,1,Thursday
2011-12-02,20111202,2011,2011Q4,12,December,2,Friday
2011-12-03,20111203,2011,2011Q4,12,December,3,Saturday
2011-12-04,20111204,2011,2011Q4,12,December,4,Sunday
2011-12-05,20111205,2011,2011Q4,12,December,5,Monday
2011-12-06,20111206,2011,2011Q4,12,December,6,Tuesday
2011-12-07,20111207,2011,2011Q4,12,December,7,Wednesday
2011-12-08,20111208,2011,2011Q4,12,December,8,Thursday
2011-12-09,20111209,2011,2011Q4,12,December,9,Friday
2011-12-10,20111210,2011,2011Q4,12,December,10,Saturday
2011-12-11,20111211,2011,2011Q4,12,December,11,Sunday
2011-12-12,20111212,2011,2011Q4,12,December,12,Monday
2011-12-13,20111213,2011,2011Q4,12,December,13,Tuesday
2011-12-14,20111214,2011,2011Q4,12,December,14,Wednesday
2011-12-15,20111215,2011,2011Q4,12,December,15,Thursday
2011-12-16,20111216,2011,2011Q4,12,December,16,Friday
2011-12-17,20111217,2011,2011Q4,12,December,17,Saturday
2011-12-18,20111218,2011,2011Q4,12,December,18,Sunday
2011-12-19,20111219,2011,2011Q4,12,December,19,Monday
2011-12-20,20111220,2011,2011Q4,12,December,20,Tuesday
2011-12-21,20111221,2011,2011Q4,12,December,21,Wednesday
2011-12-22,20111222,2011,2011Q4,12,December,22,Thursday
2011-12-23,20111223,2011,2011Q4,12,December,23,Friday
2011-12-24,20111224,2011,2011Q4,12,December,24,Saturday
2011-12-25,20111225,2011,2011Q4,12,December,25,Sunday
2011-12-26,20111226,2011,2011Q4,12,December,26,Monday
2011-12-27,20111227,2011,2011Q4,12,December,27,Tuesday
2011-12-28,20111228,2011,2011Q4,12,December,28,Wednesday
2011-12-29,20111229,2011,2011Q4,12,December,29,Thursday
2011-12-30,20111230,2011,2011Q4,12,December,30,Friday
2011-12-31,20111231,2011,2011Q4,12,December,31,Saturday
2012-01-01,20120101,2012,2012Q1,1,January,1,Sunday
2012-01-02,20120102,2012,2012Q1,1,January,2,Monday
2012-01-03,20120103,2012,2012Q1,1,January,3,Tuesday
2012-01-04,20120104,2012,2012Q1,1,January,4,Wednesday
2012-01-05,20120105,2012,2012Q1,1,January,5,Thursday
2012-01-06,20120106,2012,2012Q1,1,January,6,Friday
2012-01-07,20120107,2012,2012Q1,1,January,7,Saturday
2012-01-08,20120108,2012,2012Q1,1,January,8,Sunday
2012-01-09,20120109,2012,2012Q1,1,January,9,Monday
2012-01-10,20120110,2012,2012Q1,1,January,10,Tuesday
2012-01-11,20120111,2012,2012Q1,1,January,11,Wednesday
2012-01-12,20120112,2012,2012Q1,1,January,12,Thursday
2012-01-13,20120113,2012,2012Q1,1,January,13,Friday
2012-01-14,20120114,2012,2012Q1,1,January,14,Saturday
2012-01-15,20120115,2012,2012Q1,1,January,15,Sunday
2012-01-16,20120116,2012,2012Q1,1,January,16,Monday
2012-01-17,20120117,2012,2012Q1,1,January,17,Tuesday
2012-01-18,20120118,2012,2012Q1,1,January,18,Wednesday
2012-01-19,20120119,2012,2012Q1,1,January,19,Thursday
2012-01-20,20120120,2012,2012Q1,1,January,20,Friday
2012-01-21,20120121,2012,2012Q1,1,January,21,Saturday
2012-01-22,20120122,2012,2012Q1,1,January,22,Sunday
2012-01-23,20120123,2012,2012Q1,1,January,23,Monday
2012-01-24,20120124,2012,2012Q1,1,January,24,Tuesday
2012-01-25,20120125,2012,2012Q1,1,January,25,Wednesday
2012-01-26,20120126,2012,2012Q1,1,January,26,Thursday
2012-01-27,20120127,2012,2012Q1,1,January,27,Friday
2012-01-28,20120128,2012,2012Q1,1,January,28,Saturday
2012-01-29,20120129,2012,2012Q1,1,January,29,Sunday
2012-01-30,20120130,2012,2012Q1,1,January,30,Monday
2012-01-31,20120131,2012,2012Q1,1,January,31,Tuesday
2012-02-01,20120201,2012,2012Q1,2,February,1,Wednesday
2012-02-02,20120202,2012,2012Q1,2,February,2,Thursday
2012-02-03,20120203,2012,2012Q1,2,February,3,Friday
2012-02-04,20120204,2012,2012Q1,2,February,4,Saturday
2012-02-05,20120205,2012,2012Q1,2,February,5,Sunday
2012-02-06,20120206,2012,2012Q1,2,February,6,Monday
2012-02-07,20120207,2012,2012Q1,2,February,7,Tuesday
2012-02-08,20120208,2012,2012Q1,2,February,8,Wednesday
2012-02-09,20120209,2012,2012Q1,2,February,9,Thursday
2012-02-10,20120210,2012,2012Q1,2,February,10,Friday
2012-02-11,20120211,2012,2012Q1,2,February,11,Saturday
2012-02-12,20120212,2012,2012Q1,2,February,12,Sunday
2012-02-13,20120213,2012,2012Q1,2,February,13,Monday
2012-02-14,20120214,2012,2012Q1,2,February,14,Tuesday
2012-02-15,20120215,2012,2012Q1,2,February,15,Wednesday
2012-02-16,20120216,2012,2012Q1,2,February,16,Thursday
2012-02-17,20120217,2012,2012Q1,2,February,17,Friday
2012-02-18,20120218,2012,2012Q1,2,February,18,Saturday
2012-02-19,20120219,2012,2012Q1,2,February,19,Sunday
2012-02-20,20120220,2012,2012Q1,2,February,20,Monday
2012-02-21,20120221,2012,2012Q1,2,February,21,Tuesday
2012-02-22,20120222,2012,2012Q1,2,February,22,Wednesday
2012-02-23,20120223,2012,2012Q1,2,February,23,Thursday
2012-02-24,20120224,2012,2012Q1,2,February,24,Friday
2012-02-25,20120225,2012,2012Q1,2,February,25,Saturday
2012-02-26,20120226,2012,2012Q1,2,February,26,Sunday
2012-02-27,20120227,2012,2012Q1,2,February,27,Monday
2012-02-28,20120228,2012,2012Q1,2,February,28,Tuesday
2012-02-29,20120229,2012,2012Q1,2,February,29,Wednesday
2012-03-01,20120301,2012,2012Q1,3,March,1,Thursday
2012-03-02,20120302,2012,2012Q1,3,March,2,Friday
2012-03-03,20120303,2012,2012Q1,3,March,3,Saturday
2012-03-04,20120304,2012,2012Q1,3,March,4,Sunday
2012-03-05,20120305,2012,2012Q1,3,March,5,Monday
2012-03-06,20120306,2012,2012Q1,3,March,6,Tuesday
2012-03-07,20120307,2012,2012Q1,3,March,7,Wednesday
2012-03-08,20120308,2012,2012Q1,3,March,8,Thursday
2012-03-09,20120309,2012,2012Q1,3,March,9,Friday
2012-03-10,20120310,2012,2012Q1,3,March,10,Saturday
2012-03-11,20120311,2012,2012Q1,3,March,11,Sunday
2012-03-12,20120312,2012,2012Q1,3,March,12,Monday
2012-03-13,20120313,2012,2012Q1,3,March,13,Tuesday
2012-03-14,20120314,2012,2012Q1,3,March,14,Wednesday
2012-03-15,20120315,2012,2012Q1,3,March,15,Thursday
2012-03-16,20120316,2012,2012Q1,3,March,16,Friday
2012-03-17,20120317,2012,2012Q1,3,March,17,Saturday
2012-03-18,20120318,2012,2012Q1,3,March,18,Sunday
2012-03-19,20120319,2012,2012Q1,3,March,19,Monday
2012-03-20,20120320,2012,2012Q1,3,March,20,Tuesday
2012-03-21,20120321,2012,2012Q1,3,March,21,Wednesday
2012-03-22,20120322,2012,2012Q1,3,March,22,Thursday
2012-03-23,20120323,2012,2012Q1,3,March,23,Friday
2012-03-24,20120324,2012,2012Q1,3,March,24,Saturday
2012-03-25,20120325,2012,2012Q1,3,March,25,Sunday
2012-03-26,20120326,2012,2012Q1,3,March,26,Monday
2012-03-27,20120327,2012,2012Q1,3,March,27,Tuesday
2012-03-28,20120328,2012,2012Q1,3,March,28,Wednesday
2012-03-29,20120329,2012,2012Q1,3,March,29,Thursday
2012-03-30,20120330,2012,2012Q1,3,March,30,Friday
2012-03-31,20120331,2012,2012Q1,3,March,31,Saturday
2012-04-01,20120401,2012,2012Q2,4,April,1,Sunday
2012-04-02,20120402,2012,2012Q2,4,April,2,Monday
2012-04-03,20120403,2012,2012Q2,4,April,3,Tuesday
2012-04-04,20120404,2012,2012Q2,4,April,4,Wednesday
2012-04-05,20120405,2012,2012Q2,4,April,5,Thursday
2012-04-06,20120406,2012,2012Q2,4,April,6,Friday
2012-04-07,20120407,2012,2012Q2,4,April,7,Saturday
2012-04-08,20120408,2012,2012Q2,4,April,8,Sunday
2012-04-09,20120409,2012,2012Q2,4,April,9,Monday
2012-04-10,20120410,2012,2012Q2,4,April,10,Tuesday
2012-04-11,20120411,2012,2012Q2,4,April,11,Wednesday
2012-04-12,20120412,2012,2012Q2,4,April,12,Thursday
2012-04-13,20120413,2012,2012Q2,4,April,13,Friday
2012-04-14,20120414,2012,2012Q2,4,April,14,Saturday
2012-04-15,20120415,2012,2012Q2,4,April,15,Sunday
2012-04-16,20120416,2012,2012Q2,4,April,16,Monday
2012-04-17,20120417,2012,2012Q2,4,April,17,Tuesday
2012-04-18,20120418,2012,2012Q2,4,April,18,Wednesday
2012-04-19,20120419,2012,2012Q2,4,April,19,Thursday
2012-04-20,20120420,2012,2012Q2,4,April,20,Friday
2012-04-21,20120421,2012,2012Q2,4,April,21,Saturday
2012-04-22,20120422,2012,2012Q2,4,April,22,Sunday
2012-04-23,20120423,2012,2012Q2,4,April,23,Monday
2012-04-24,20120424,2012,2012Q2,4,April,24,Tuesday
2012-04-25,20120425,2012,2012Q2,4,April,25,Wednesday
2012-04-26,20120426,2012,2012Q2,4,April,26,Thursday
2012-04-27,20120427,2012,2012Q2,4,April,27,Friday
2012-04-28,20120428,2012,2012Q2,4,April,28,Saturday
2012-04-29,20120429,2012,2012Q2,4,April,29,Sunday
2012-04-30,20120430,2012,2012Q2,4,April,30,Monday
2012-05-01,20120501,2012,2012Q2,5,May,1,Tuesday
2012-05-02,20120502,2012,2012Q2,5,May,2,Wednesday
2012-05-03,20120503,2012,2012Q2,5,May,3,Thursday
2012-05-04,20120504,2012,2012Q2,5,May,4,Friday
2012-05-05,20120505,2012,2012Q2,5,May,5,Saturday
2012-05-06,20120506,2012,2012Q2,5,May,6,Sunday
2012-05-07,20120507,2012,2012Q2,5,May,7,Monday
2012-05-08,20120508,2012,2012Q2,5,May,8,Tuesday
2012-05-09,20120509,2012,2012Q2,5,May,9,Wednesday
2012-05-10,20120510,2012,2012Q2,5,May,10,Thursday
2012-05-11,20120511,2012,2012Q2,5,May,11,Friday
2012-05-12,20120512,2012,2012Q2,5,May,12,Saturday
2012-05-13,20120513,2012,2012Q2,5,May,13,Sunday
2012-05-14,20120514,2012,2012Q2,5,May,14,Monday
2012-05-15,20120515,2012,2012Q2,5,May,15,Tuesday
2012-05-16,20120516,2012,2012Q2,5,May,16,Wednesday
2012-05-17,20120517,2012,2012Q2,5,May,17,Thursday
2012-05-18,20120518,2012,2012Q2,5,May,18,Friday
2012-05-19,20120519,2012,2012Q2,5,May,19,Saturday
2012-05-20,20120520,2012,2012Q2,5,May,20,Sunday
2012-05-21,20120521,2012,2012Q2,5,May,21,Monday
2012-05-22,20120522,2012,2012Q2,5,May,22,Tuesday
2012-05-23,20120523,2012,2012Q2,5,May,23,Wednesday
2012-05-24,20120524,2012,2012Q2,5,May,24,Thursday
2012-05-25,20120525,2012,2012Q2,5,May,25,Friday
2012-05-26,20120526,2012,2012Q2,5,May,26,Saturday
2012-05-27,20120527,2012,2012Q2,5,May,27,Sunday
2012-05-28,20120528,2012,2012Q2,5,May,28,Monday
2012-05-29,20120529,2012,2012Q2,5,May,29,Tuesday
2012-05-30,20120530,2012,2012Q2,5,May,30,Wednesday
2012-05-31,20120531,2012,2012Q2,5,May,31,Thursday
2012-06-01,20120601,2012,2012Q2,6,June,1,Friday
2012-06-02,20120602,2012,2012Q2,6,June,2,Saturday
2012-06-03,20120603,2012,2012Q2,6,June,3,Sunday
2012-06-04,20120604,2012,2012Q2,6,June,4,Monday
2012-06-05,20120605,2012,2012Q2,6,June,5,Tuesday
2012-06-06,20120606,2012,2012Q2,6,June,6,Wednesday
2012-06-07,20120607,2012,2012Q2,6,June,7,Thursday
2012-06-08,20120608,2012,2012Q2,6,June,8,Friday
2012-06-09,20120609,2012,2012Q2,6,June,9,Saturday
2012-06-10,20120610,2012,2012Q2,6,June,10,Sunday
2012-06-11,20120611,2012,2012Q2,6,June,11,Monday
2012-06-12,20120612,2012,2012Q2,6,June,12,Tuesday
2012-06-13,20120613,2012,2012Q2,6,June,13,Wednesday
2012-06-14,20120614,2012,2012Q2,6,June,14,Thursday
2012-06-15,20120615,2012,2012Q2,6,June,15,Friday
2012-06-16,20120616,2012,2012Q2,6,June,16,Saturday
2012-06-17,20120617,2012,2012Q2,6,June,17,Sunday
2012-06-18,20120618,2012,2012Q2,6,June,18,Monday
2012-06-19,20120619,2012,2012Q2,6,June,19,Tuesday
2012-06-20,20120620,2012,2012Q2,6,June,20,Wednesday
2012-06-21,20120621,2012,2012Q2,6,June,21,Thursday
2012-06-22,20120622,2012,2012Q2,6,June,22,Friday
2012-06-23,20120623,2012,2012Q2,6,June,23,Saturday
2012-06-24,20120624,2012,2012Q2,6,June,24,Sunday
2012-06-25,20120625,2012,2012Q2,6,June,25,Monday
2012-06-26,20120626,2012,2012Q2,6,June,26,Tuesday
2012-06-27,20120627,2012,2012Q2,6,June,27,Wednesday
2012-06-28,20120628,2012,2012Q2,6,June,28,Thursday
2012-06-29,20120629,2012,2012Q2,6,June,29,Friday
2012-06-30,20120630,2012,2012Q2,6,June,30,Saturday
2012-07-01,20120701,2012,2012Q3,7,July,1,Sunday
2012-07-02,20120702,2012,2012Q3,7,July,2,Monday
2012-07-03,20120703,2012,2012Q3,7,July,3,Tuesday
2012-07-04,20120704,2012,2012Q3,7,July,4,Wednesday
2012-07-05,20120705,2012,2012Q3,7,July,5,Thursday
2012-07-06,20120706,2012,2012Q3,7,July,6,Friday
2012-07-07,20120707,2012,2012Q3,7,July,7,Saturday
2012-07-08,20120708,2012,2012Q3,7,July,8,Sunday
2012-07-09,20120709,2012,2012Q3,7,July,9,Monday
2012-07-10,20120710,2012,2012Q3,7,July,10,Tuesday
2012-07-11,20120711,2012,2012Q3,7,July,11,Wednesday
2012-07-12,20120712,2012,2012Q3,7,July,12,Thursday
2012-07-13,20120713,2012,2012Q3,7,July,13,Friday
2012-07-14,20120714,2012,2012Q3,7,July,14,Saturday
2012-07-15,20120715,2012,2012Q3,7,July,15,Sunday
2012-07-16,20120716,2012,2012Q3,7,July,16,Monday
2012-07-17,20120717,2012,2012Q3,7,July,17,Tuesday
2012-07-18,20120718,2012,2012Q3,7,July,18,Wednesday
2012-07-19,20120719,2012,2012Q3,7,July,19,Thursday
2012-07-20,20120720,2012,2012Q3,7,July,20,Friday
2012-07-21,20120721,2012,2012Q3,7,July,21,Saturday
2012-07-22,20120722,2012,2012Q3,7,July,22,Sunday
2012-07-23,20120723,2012,2012Q3,7,July,23,Monday
2012-07-24,20120724,2012,2012Q3,7,July,24,Tuesday
2012-07-25,20120725,2012,2012Q3,7,July,25,Wednesday
2012-07-26,20120726,2012,2012Q3,7,July,26,Thursday
2012-07-27,20120727,2012,2012Q3,7,July,27,Friday
2012-07-28,20120728,2012,2012Q3,7,July,28,Saturday
2012-07-29,20120729,2012,2012Q3,7,July,29,Sunday
2012-07-30,20120730,2012,2012Q3,7,July,30,Monday
2012-07-31,20120731,2012,2012Q3,7,July,31,Tuesday
2012-08-01,20120801,2012,2012Q3,8,August,1,Wednesday
2012-08-02,20120802,2012,2012Q3,8,August,2,Thursday
2012-08-03,20120803,2012,2012Q3,8,August,3,Friday
2012-08-04,20120804,2012,2012Q3,8,August,4,Saturday
2012-08-05,20120805,2012,2012Q3,8,August,5,Sunday
2012-08-06,20120806,2012,2012Q3,8,August,6,Monday
2012-08-07,20120807,2012,2012Q3,8,August,7,Tuesday
2012-08-08,20120808,2012,2012Q3,8,August,8,Wednesday
2012-08-09,20120809,2012,2012Q3,8,August,9,Thursday
2012-08-10,20120810,2012,2012Q3,8,August,10,Friday
2012-08-11,20120811,2012,2012Q3,8,August,11,Saturday
2012-08-12,20120812,2012,2012Q3,8,August,12,Sunday
2012-08-13,20120813,2012,2012Q3,8,August,13,Monday
2012-08-14,20120814,2012,2012Q3,8,August,14,Tuesday
2012-08-15,20120815,2012,2012Q3,8,August,15,Wednesday
2012-08-16,20120816,2012,2012Q3,8,August,16,Thursday
2012-08-17,20120817,2012,2012Q3,8,August,17,Friday
2012-08-18,20120818,2012,2012Q3,8,August,18,Saturday
2012-08-19,20120819,2012,2012Q3,8,August,19,Sunday
2012-08-20,20120820,2012,2012Q3,8,August,20,Monday
2012-08-21,20120821,2012,2012Q3,8,August,21,Tuesday
2012-08-22,20120822,2012,2012Q3,8,August,22,Wednesday
2012-08-23,20120823,2012,2012Q3,8,August,23,Thursday
2012-08-24,20120824,2012,2012Q3,8,August,24,Friday
2012-08-25,20120825,2012,2012Q3,8,August,25,Saturday
2012-08-26,20120826,2012,2012Q3,8,August,26,Sunday
2012-08-27,20120827,2012,2012Q3,8,August,27,Monday
2012-08-28,20120828,2012,2012Q3,8,August,28,Tuesday
2012-08-29,20120829,2012,2012Q3,8,August,29,Wednesday
2012-08-30,20120830,2012,2012Q3,8,August,30,Thursday
2012-08-31,20120831,2012,2012Q3,8,August,31,Friday
2012-09-01,20120901,2012,2012Q3,9,September,1,Saturday
2012-09-02,20120902,2012,2012Q3,9,September,2,Sunday
2012-09-03,20120903,2012,2012Q3,9,September,3,Monday
2012-09-04,20120904,2012,2012Q3,9,September,4,Tuesday
2012-09-05,20120905,2012,2012Q3,9,September,5,Wednesday
2012-09-06,20120906,2012,2012Q3,9,September,6,Thursday
2012-09-07,20120907,2012,2012Q3,9,September,7,Friday
2012-09-08,20120908,2012,2012Q3,9,September,8,Saturday
2012-09-09,20120909,2012,2012Q3,9,September,9,Sunday
2012-09-10,20120910,2012,2012Q3,9,September,10,Monday
2012-09-11,20120911,2012,2012Q3,9,September,11,Tuesday
2012-09-12,20120912,2012,2012Q3,9,September,12,Wednesday
2012-09-13,20120913,2012,2012Q3,9,September,13,Thursday
2012-09-14,20120914,2012,2012Q3,9,September,14,Friday
2012-09-15,20120915,2012,2012Q3,9,September,15,Saturday
2012-09-16,20120916,2012,2012Q3,9,September,16,Sunday
2012-09-17,20120917,2012,2012Q3,9,September,17,Monday
2012-09-18,20120918,2012,2012Q3,9,September,18,Tuesday
2012-09-19,20120919,2012,2012Q3,9,September,19,Wednesday
2012-09-20,20120920,2012,2012Q3,9,September,20,Thursday
2012-09-21,20120921,2012,2012Q3,9,September,21,Friday
2012-09-22,20120922,2012,2012Q3,9,September,22,Saturday
2012-09-23,20120923,2012,2012Q3,9,September,23,Sunday
2012-09-24,20120924,2012,2012Q3,9,September,24,Monday
2012-09-25,20120925,2012,2012Q3,9,September,25,Tuesday
2012-09-26,20120926,2012,2012Q3,9,September,26,Wednesday
2012-09-27,20120927,2012,2012Q3,9,September,27,Thursday
2012-09-28,20120928,2012,2012Q3,9,September,28,Friday
2012-09-29,20120929,2012,2012Q3,9,September,29,Saturday
2012-09-30,20120930,2012,2012Q3,9,September,30,Sunday
2012-10-01,20121001,2012,2012Q4,10,October,1,Monday
2012-10-02,20121002,2012,2012Q4,10,October,2,Tuesday
2012-10-03,20121003,2012,2012Q4,10,October,3,Wednesday
2012-10-04,20121004,2012,2012Q4,10,October,4,Thursday
2012-10-05,20121005,2012,2012Q4,10,October,5,Friday
2012-10-06,20121006,2012,2012Q4,10,October,6,Saturday
2012-10-07,20121007,2012,2012Q4,10,October,7,Sunday
2012-10-08,20121008,2012,2012Q4,10,October,8,Monday
2012-10-09,20121009,2012,2012Q4,10,October,9,Tuesday
2012-10-10,20121010,2012,2012Q4,10,October,10,Wednesday
2012-10-11,20121011,2012,2012Q4,10,October,11,Thursday
2012-10-12,20121012,2012,2012Q4,10,October,12,Friday
2012-10-13,20121013,2012,2012Q4,10,October,13,Saturday
2012-10-14,20121014,2012,2012Q4,10,October,14,Sunday
2012-10-15,20121015,2012,2012Q4,10,October,15,Monday
2012-10-16,20121016,2012,2012Q4,10,October,16,Tuesday
2012-10-17,20121017,2012,2012Q4,10,October,17,Wednesday
2012-10-18,20121018,2012,2012Q4,10,October,18,Thursday
2012-10-19,20121019,2012,2012Q4,10,October,19,Friday
2012-10-20,20121020,2012,2012Q4,10,October,20,Saturday
2012-10-21,20121021,2012,2012Q4,10,October,21,Sunday
2012-10-22,20121022,2012,2012Q4,10,October,22,Monday
2012-10-23,20121023,2012,2012Q4,10,October,23,Tuesday
2012-10-24,20121024,2012,2012Q4,10,October,24,Wednesday
2012-10-25,20121025,2012,2012Q4,10,October,25,Thursday
2012-10-26,20121026,2012,2012Q4,10,October,26,Friday
2012-10-27,20121027,2012,2012Q4,10,October,27,Saturday
2012-10-28,20121028,2012,2012Q4,10,October,28,Sunday
2012-10-29,20121029,2012,2012Q4,10,October,29,Monday
2012-10-30,20121030,2012,2012Q4,10,October,30,Tuesday
2012-10-31,20121031,2012,2012Q4,10,October,31,Wednesday
2012-11-01,20121101,2012,2012Q4,11,November,1,Thursday
2012-11-02,20121102,2012,2012Q4,11,November,2,Friday
2012-11-03,20121103,2012,2012Q4,11,November,3,Saturday
2012-11-04,20121104,2012,2012Q4,11,November,4,Sunday
2012-11-05,20121105,2012,2012Q4,11,November,5,Monday
2012-11-06,20121106,2012,2012Q4,11,November,6,Tuesday
2012-11-07,20121107,2012,2012Q4,11,November,7,Wednesday
2012-11-08,20121108,2012,2012Q4,11,November,8,Thursday
2012-11-09,20121109,2012,2012Q4,11,November,9,Friday
2012-11-10,20121110,2012,2012Q4,11,November,10,Saturday
2012-11-11,20121111,2012,2012Q4,11,November,11,Sunday
2012-11-12,20121112,2012,2012Q4,11,November,12,Monday
2012-11-13,20121113,2012,2012Q4,11,November,13,Tuesday
2012-11-14,20121114,2012,2012Q4,11,November,14,Wednesday
2012-11-15,20121115,2012,2012Q4,11,November,15,Thursday
2012-11-16,20121116,2012,2012Q4,11,November,16,Friday
2012-11-17,20121117,2012,2012Q4,11,November,17,Saturday
2012-11-18,20121118,2012,2012Q4,11,November,18,Sunday
2012-11-19,20121119,2012,2012Q4,11,November,19,Monday
2012-11-20,20121120,2012,2012Q4,11,November,20,Tuesday
2012-11-21,20121121,2012,2012Q4,11,November,21,Wednesday
2012-11-22,20121122,2012,2012Q4,11,November,22,Thursday
2012-11-23,20121123,2012,2012Q4,11,November,23,Friday
2012-11-24,20121124,2012,2012Q4,11,November,24,Saturday
2012-11-25,20121125,2012,2012Q4,11,November,25,Sunday
2012-11-26,20121126,2012,2012Q4,11,November,26,Monday
2012-11-27,20121127,2012,2012Q4,11,November,27,Tuesday
2012-11-28,20121128,2012,2012Q4,11,November,28,Wednesday
2012-11-29,20121129,2012,2012Q4,11,November,29,Thursday
2012-11-30,20121130,2012,2012Q4,11,November,30,Friday
2012-12-01,20121201,2012,2012Q4,12,December,1,Saturday
2012-12-02,20121202,2012,2012Q4,12,December,2,Sunday
2012-12-03,20121203,2012,2012Q4,12,December,3,Monday
2012-12-04,20121204,2012,2012Q4,12,December,4,Tuesday
2012-12-05,20121205,2012,2012Q4,12,December,5,Wednesday
2012-12-06,20121206,2012,2012Q4,12,December,6,Thursday
2012-12-07,20121207,2012,2012Q4,12,December,7,Friday
2012-12-08,20121208,2012,2012Q4,12,December,8,Saturday
2012-12-09,20121209,2012,2012Q4,12,December,9,Sunday
2012-12-10,20121210,2012,2012Q4,12,December,10,Monday
2012-12-11,20121211,2012,2012Q4,12,December,11,Tuesday
2012-12-12,20121212,2012,2012Q4,12,December,12,Wednesday
2012-12-13,20121213,2012,2012Q4,12,December,13,Thursday
2012-12-14,20121214,2012,2012Q4,12,December,14,Friday
2012-12-15,20121215,2012,2012Q4,12,December,15,Saturday
2012-12-16,20121216,2012,2012Q4,12,December,16,Sunday
2012-12-17,20121217,2012,2012Q4,12,December,17,Monday
2012-12-18,20121218,2012,2012Q4,12,December,18,Tuesday
2012-12-19,20121219,2012,2012Q4,12,December,19,Wednesday
2012-12-20,20121220,2012,2012Q4,12,December,20,Thursday
2012-12-21,20121221,2012,2012Q4,12,December,21,Friday
2012-12-22,20121222,2012,2012Q4,12,December,22,Saturday
2012-12-23,20121223,2012,2012Q4,12,December,23,Sunday
2012-12-24,20121224,2012,2012Q4,12,December,24,Monday
2012-12-25,20121225,2012,2012Q4,12,December,25,Tuesday
2012-12-26,20121226,2012,2012Q4,12,December,26,Wednesday
2012-12-27,20121227,2012,2012Q4,12,December,27,Thursday
2012-12-28,20121228,2012,2012Q4,12,December,28,Friday
2012-12-29,20121229,2012,2012Q4,12,December,29,Saturday
2012-12-30,20121230,2012,2012Q4,12,December,30,Sunday
2012-12-31,20121231,2012,2012Q4,12,December,31,Monday
2013-01-01,20130101,2013,2013Q1,1,January,1,Tuesday
2013-01-02,20130102,2013,2013Q1,1,January,2,Wednesday
2013-01-03,20130103,2013,2013Q1,1,January,3,Thursday
2013-01-04,20130104,2013,2013Q1,1,January,4,Friday
2013-01-05,20130105,2013,2013Q1,1,January,5,Saturday
2013-01-06,20130106,2013,2013Q1,1,January,6,Sunday
2013-01-07,20130107,2013,2013Q1,1,January,7,Monday
2013-01-08,20130108,2013,2013Q1,1,January,8,Tuesday
2013-01-09,20130109,2013,2013Q1,1,January,9,Wednesday
2013-01-10,20130110,2013,2013Q1,1,January,10,Thursday
2013-01-11,20130111,2013,2013Q1,1,January,11,Friday
2013-01-12,20130112,2013,2013Q1,1,January,12,Saturday
2013-01-13,20130113,2013,2013Q1,1,January,13,Sunday
2013-01-14,20130114,2013,2013Q1,1,January,14,Monday
2013-01-15,20130115,2013,2013Q1,1,January,15,Tuesday
2013-01-16,20130116,2013,2013Q1,1,January,16,Wednesday
2013-01-17,20130117,2013,2013Q1,1,January,17,Thursday
2013-01-18,20130118,2013,2013Q1,1,January,18,Friday
2013-01-19,20130119,2013,2013Q1,1,January,19,Saturday
2013-01-20,20130120,2013,2013Q1,1,January,20,Sunday
2013-01-21,20130121,2013,2013Q1,1,January,21,Monday
2013-01-22,20130122,2013,2013Q1,1,January,22,Tuesday
2013-01-23,20130123,2013,2013Q1,1,January,23,Wednesday
2013-01-24,20130124,2013,2013Q1,1,January,24,Thursday
2013-01-25,20130125,2013,2013Q1,1,January,25,Friday
2013-01-26,20130126,2013,2013Q1,1,January,26,Saturday
2013-01-27,20130127,2013,2013Q1,1,January,27,Sunday
2013-01-28,20130128,2013,2013Q1,1,January,28,Monday
2013-01-29,20130129,2013,2013Q1,1,January,29,Tuesday
2013-01-30,20130130,2013,2013Q1,1,January,30,Wednesday
2013-01-31,20130131,2013,2013Q1,1,January,31,Thursday
2013-02-01,20130201,2013,2013Q1,2,February,1,Friday
2013-02-02,20130202,2013,2013Q1,2,February,2,Saturday
2013-02-03,20130203,2013,2013Q1,2,February,3,Sunday
2013-02-04,20130204,2013,2013Q1,2,February,4,Monday
2013-02-05,20130205,2013,2013Q1,2,February,5,Tuesday
2013-02-06,20130206,2013,2013Q1,2,February,6,Wednesday
2013-02-07,20130207,2013,2013Q1,2,February,7,Thursday
2013-02-08,20130208,2013,2013Q1,2,February,8,Friday
2013-02-09,20130209,2013,2013Q1,2,February,9,Saturday
2013-02-10,20130210,2013,2013Q1,2,February,10,Sunday
2013-02-11,20130211,2013,2013Q1,2,February,11,Monday
2013-02-12,20130212,2013,2013Q1,2,February,12,Tuesday
2013-02-13,20130213,2013,2013Q1,2,February,13,Wednesday
2013-02-14,20130214,2013,2013Q1,2,February,14,Thursday
2013-02-15,20130215,2013,2013Q1,2,February,15,Friday
2013-02-16,20130216,2013,2013Q1,2,February,16,Saturday
2013-02-17,20130217,2013,2013Q1,2,February,17,Sunday
2013-02-18,20130218,2013,2013Q1,2,February,18,Monday
2013-02-19,20130219,2013,2013Q1,2,February,19,Tuesday
2013-02-20,20130220,2013,2013Q1,2,February,20,Wednesday
2013-02-21,20130221,2013,2013Q1,2,February,21,Thursday
2013-02-22,20130222,2013,2013Q1,2,February,22,Friday
2013-02-23,20130223,2013,2013Q1,2,February,23,Saturday
2013-02-24,20130224,2013,2013Q1,2,February,24,Sunday
2013-02-25,20130225,2013,2013Q1,2,February,25,Monday
2013-02-26,20130226,2013,2013Q1,2,February,26,Tuesday
2013-02-27,20130227,2013,2013Q1,2,February,27,Wednesday
2013-02-28,20130228,2013,2013Q1,2,February,28,Thursday
2013-03-01,20130301,2013,2013Q1,3,March,1,Friday
2013-03-02,20130302,2013,2013Q1,3,March,2,Saturday
2013-03-03,20130303,2013,2013Q1,3,March,3,Sunday
2013-03-04,20130304,2013,2013Q1,3,March,4,Monday
2013-03-05,20130305,2013,2013Q1,3,March,5,Tuesday
2013-03-06,20130306,2013,2013Q1,3,March,6,Wednesday
2013-03-07,20130307,2013,2013Q1,3,March,7,Thursday
2013-03-08,20130308,2013,2013Q1,3,March,8,Friday
2013-03-09,20130309,2013,2013Q1,3,March,9,Saturday
2013-03-10,20130310,2013,2013Q1,3,March,10,Sunday
2013-03-11,20130311,2013,2013Q1,3,March,11,Monday
2013-03-12,20130312,2013,2013Q1,3,March,12,Tuesday
2013-03-13,20130313,2013,2013Q1,3,March,13,Wednesday
2013-03-14,20130314,2013,2013Q1,3,March,14,Thursday
2013-03-15,20130315,2013,2013Q1,3,March,15,Friday
2013-03-16,20130316,2013,2013Q1,3,March,16,Saturday
2013-03-17,20130317,2013,2013Q1,3,March,17,Sunday
2013-03-18,20130318,2013,2013Q1,3,March,18,Monday
2013-03-19,20130319,2013,2013Q1,3,March,19,Tuesday
2013-03-20,20130320,2013,2013Q1,3,March,20,Wednesday
2013-03-21,20130321,2013,2013Q1,3,March,21,Thursday
2013-03-22,20130322,2013,2013Q1,3,March,22,Friday
2013-03-23,20130323,2013,2013Q1,3,March,23,Saturday
2013-03-24,20130324,2013,2013Q1,3,March,24,Sunday
2013-03-25,20130325,2013,2013Q1,3,March,25,Monday
2013-03-26,20130326,2013,2013Q1,3,March,26,Tuesday
2013-03-27,20130327,2013,2013Q1,3,March,27,Wednesday
2013-03-28,20130328,2013,2013Q1,3,March,28,Thursday
2013-03-29,20130329,2013,2013Q1,3,March,29,Friday
2013-03-30,20130330,2013,2013Q1,3,March,30,Saturday
2013-03-31,20130331,2013,2013Q1,3,March,31,Sunday
2013-04-01,20130401,2013,2013Q2,4,April,1,Monday
2013-04-02,20130402,2013,2013Q2,4,April,2,Tuesday
2013-04-03,20130403,2013,2013Q2,4,April,3,Wednesday
2013-04-04,20130404,2013,2013Q2,4,April,4,Thursday
2013-04-05,20130405,2013,2013Q2,4,April,5,Friday
2013-04-06,20130406,2013,2013Q2,4,April,6,Saturday
2013-04-07,20130407,2013,2013Q2,4,April,7,Sunday
2013-04-08,20130408,2013,2013Q2,4,April,8,Monday
2013-04-09,20130409,2013,2013Q2,4,April,9,Tuesday
2013-04-10,20130410,2013,2013Q2,4,April,10,Wednesday
2013-04-11,20130411,2013,2013Q2,4,April,11,Thursday
2013-04-12,20130412,2013,2013Q2,4,April,12,Friday
2013-04-13,20130413,2013,2013Q2,4,April,13,Saturday
2013-04-14,20130414,2013,2013Q2,4,April,14,Sunday
2013-04-15,20130415,2013,2013Q2,4,April,15,Monday
2013-04-16,20130416,2013,2013Q2,4,April,16,Tuesday
2013-04-17,20130417,2013,2013Q2,4,April,17,Wednesday
2013-04-18,20130418,2013,2013Q2,4,April,18,Thursday
2013-04-19,20130419,2013,2013Q2,4,April,19,Friday
2013-04-20,20130420,2013,2013Q2,4,April,20,Saturday
2013-04-21,20130421,2013,2013Q2,4,April,21,Sunday
2013-04-22,20130422,2013,2013Q2,4,April,22,Monday
2013-04-23,20130423,2013,2013Q2,4,April,23,Tuesday
2013-04-24,20130424,2013,2013Q2,4,April,24,Wednesday
2013-04-25,20130425,2013,2013Q2,4,April,25,Thursday
2013-04-26,20130426,2013,2013Q2,4,April,26,Friday
2013-04-27,20130427,2013,2013Q2,4,April,27,Saturday
2013-04-28,20130428,2013,2013Q2,4,April,28,Sunday
2013-04-29,20130429,2013,2013Q2,4,April,29,Monday
2013-04-30,20130430,2013,2013Q2,4,April,30,Tuesday
2013-05-01,20130501,2013,2013Q2,5,May,1,Wednesday
2013-05-02,20130502,2013,2013Q2,5,May,2,Thursday
2013-05-03,20130503,2013,2013Q2,5,May,3,Friday
2013-05-04,20130504,2013,2013Q2,5,May,4,Saturday
2013-05-05,20130505,2013,2013Q2,5,May,5,Sunday
2013-05-06,20130506,2013,2013Q2,5,May,6,Monday
2013-05-07,20130507,2013,2013Q2,5,May,7,Tuesday
2013-05-08,20130508,2013,2013Q2,5,May,8,Wednesday
2013-05-09,20130509,2013,2013Q2,5,May,9,Thursday
2013-05-10,20130510,2013,2013Q2,5,May,10,Friday
2013-05-11,20130511,2013,2013Q2,5,May,11,Saturday
2013-05-12,20130512,2013,2013Q2,5,May,12,Sunday
2013-05-13,20130513,2013,2013Q2,5,May,13,Monday
2013-05-14,20130514,2013,2013Q2,5,May,14,Tuesday
2013-05-15,20130515,2013,2013Q2,5,May,15,Wednesday
2013-05-16,20130516,2013,2013Q2,5,May,16,Thursday
2013-05-17,20130517,2013,2013Q2,5,May,17,Friday
2013-05-18,20130518,2013,2013Q2,5,May,18,Saturday
2013-05-19,20130519,2013,2013Q2,5,May,19,Sunday
2013-05-20,20130520,2013,2013Q2,5,May,20,Monday
2013-05-21,20130521,2013,2013Q2,5,May,21,Tuesday
2013-05-22,20130522,2013,2013Q2,5,May,22,Wednesday
2013-05-23,20130523,2013,2013Q2,5,May,23,Thursday
2013-05-24,20130524,2013,2013Q2,5,May,24,Friday
2013-05-25,20130525,2013,2013Q2,5,May,25,Saturday
2013-05-26,20130526,2013,2013Q2,5,May,26,Sunday
2013-05-27,20130527,2013,2013Q2,5,May,27,Monday
2013-05-28,20130528,2013,2013Q2,5,May,28,Tuesday
2013-05-29,20130529,2013,2013Q2,5,May,29,Wednesday
2013-05-30,20130530,2013,2013Q2,5,May,30,Thursday
2013-05-31,20130531,2013,2013Q2,5,May,31,Friday
2013-06-01,20130601,2013,2013Q2,6,June,1,Saturday
2013-06-02,20130602,2013,2013Q2,6,June,2,Sunday
2013-06-03,20130603,2013,2013Q2,6,June,3,Monday
2013-06-04,20130604,2013,2013Q2,6,June,4,Tuesday
2013-06-05,20130605,2013,2013Q2,6,June,5,Wednesday
2013-06-06,20130606,2013,2013Q2,6,June,6,Thursday
2013-06-07,20130607,2013,2013Q2,6,June,7,Friday
2013-06-08,20130608,2013,2013Q2,6,June,8,Saturday
2013-06-09,20130609,2013,2013Q2,6,June,9,Sunday
2013-06-10,20130610,2013,2013Q2,6,June,10,Monday
2013-06-11,20130611,2013,2013Q2,6,June,11,Tuesday
2013-06-12,20130612,2013,2013Q2,6,June,12,Wednesday
2013-06-13,20130613,2013,2013Q2,6,June,13,Thursday
2013-06-14,20130614,2013,2013Q2,6,June,14,Friday
2013-06-15,20130615,2013,2013Q2,6,June,15,Saturday
2013-06-16,20130616,2013,2013Q2,6,June,16,Sunday
2013-06-17,20130617,2013,2013Q2,6,June,17,Monday
2013-06-18,20130618,2013,2013Q2,6,June,18,Tuesday
2013-06-19,20130619,2013,2013Q2,6,June,19,Wednesday
2013-06-20,20130620,2013,2013Q2,6,June,20,Thursday
2013-06-21,20130621,2013,2013Q2,6,June,21,Friday
2013-06-22,20130622,2013,2013Q2,6,June,22,Saturday
2013-06-23,20130623,2013,2013Q2,6,June,23,Sunday
2013-06-24,20130624,2013,2013Q2,6,June,24,Monday
2013-06-25,20130625,2013,2013Q2,6,June,25,Tuesday
2013-06-26,20130626,2013,2013Q2,6,June,26,Wednesday
2013-06-27,20130627,2013,2013Q2,6,June,27,Thursday
2013-06-28,20130628,2013,2013Q2,6,June,28,Friday
2013-06-29,20130629,2013,2013Q2,6,June,29,Saturday
2013-06-30,20130630,2013,2013Q2,6,June,30,Sunday
2013-07-01,20130701,2013,2013Q3,7,July,1,Monday
2013-07-02,20130702,2013,2013Q3,7,July,2,Tuesday
2013-07-03,20130703,2013,2013Q3,7,July,3,Wednesday
2013-07-04,20130704,2013,2013Q3,7,July,4,Thursday
2013-07-05,20130705,2013,2013Q3,7,July,5,Friday
2013-07-06,20130706,2013,2013Q3,7,July,6,Saturday
2013-07-07,20130707,2013,2013Q3,7,July,7,Sunday
2013-07-08,20130708,2013,2013Q3,7,July,8,Monday
2013-07-09,20130709,2013,2013Q3,7,July,9,Tuesday
2013-07-10,20130710,2013,2013Q3,7,July,10,Wednesday
2013-07-11,20130711,2013,2013Q3,7,July,11,Thursday
2013-07-12,20130712,2013,2013Q3,7,July,12,Friday
2013-07-13,20130713,2013,2013Q3,7,July,13,Saturday
2013-07-14,20130714,2013,2013Q3,7,July,14,Sunday
2013-07-15,20130715,2013,2013Q3,7,July,15,Monday
2013-07-16,20130716,2013,2013Q3,7,July,16,Tuesday
2013-07-17,20130717,2013,2013Q3,7,July,17,Wednesday
2013-07-18,20130718,2013,2013Q3,7,July,18,Thursday
2013-07-19,20130719,2013,2013Q3,7,July,19,Friday
2013-07-20,20130720,2013,2013Q3,7,July,20,Saturday
2013-07-21,20130721,2013,2013Q3,7,July,21,Sunday
2013-07-22,20130722,2013,2013Q3,7,July,22,Monday
2013-07-23,20130723,2013,2013Q3,7,July,23,Tuesday
2013-07-24,20130724,2013,2013Q3,7,July,24,Wednesday
2013-07-25,20130725,2013,2013Q3,7,July,25,Thursday
2013-07-26,20130726,2013,2013Q3,7,July,26,Friday
2013-07-27,20130727,2013,2013Q3,7,July,27,Saturday
2013-07-28,20130728,2013,2013Q3,7,July,28,Sunday
2013-07-29,20130729,2013,2013Q3,7,July,29,Monday
2013-07-30,20130730,2013,2013Q3,7,July,30,Tuesday
2013-07-31,20130731,2013,2013Q3,7,July,31,Wednesday
2013-08-01,20130801,2013,2013Q3,8,August,1,Thursday
2013-08-02,20130802,2013,2013Q3,8,August,2,Friday
2013-08-03,20130803,2013,2013Q3,8,August,3,Saturday
2013-08-04,20130804,2013,2013Q3,8,August,4,Sunday
2013-08-05,20130805,2013,2013Q3,8,August,5,Monday
2013-08-06,20130806,2013,2013Q3,8,August,6,Tuesday
2013-08-07,20130807,2013,2013Q3,8,August,7,Wednesday
2013-08-08,20130808,2013,2013Q3,8,August,8,Thursday
2013-08-09,20130809,2013,2013Q3,8,August,9,Friday
2013-08-10,20130810,2013,2013Q3,8,August,10,Saturday
2013-08-11,20130811,2013,2013Q3,8,August,11,Sunday
2013-08-12,20130812,2013,2013Q3,8,August,12,Monday
2013-08-13,20130813,2013,2013Q3,8,August,13,Tuesday
2013-08-14,20130814,2013,2013Q3,8,August,14,Wednesday
2013-08-15,20130815,2013,2013Q3,8,August,15,Thursday
2013-08-16,20130816,2013,2013Q3,8,August,16,Friday
2013-08-17,20130817,2013,2013Q3,8,August,17,Saturday
2013-08-18,20130818,2013,2013Q3,8,August,18,Sunday
2013-08-19,20130819,2013,2013Q3,8,August,19,Monday
2013-08-20,20130820,2013,2013Q3,8,August,20,Tuesday
2013-08-21,20130821,2013,2013Q3,8,August,21,Wednesday
2013-08-22,20130822,2013,2013Q3,8,August,22,Thursday
2013-08-23,20130823,2013,2013Q3,8,August,23,Friday
2013-08-24,20130824,2013,2013Q3,8,August,24,Saturday
2013-08-25,20130825,2013,2013Q3,8,August,25,Sunday
2013-08-26,20130826,2013,2013Q3,8,August,26,Monday
2013-08-27,20130827,2013,2013Q3,8,August,27,Tuesday
2013-08-28,20130828,2013,2013Q3,8,August,28,Wednesday
2013-08-29,20130829,2013,2013Q3,8,August,29,Thursday
2013-08-30,20130830,2013,2013Q3,8,August,30,Friday
2013-08-31,20130831,2013,2013Q3,8,August,31,Saturday
2013-09-01,20130901,2013,2013Q3,9,September,1,Sunday
2013-09-02,20130902,2013,2013Q3,9,September,2,Monday
2013-09-03,20130903,2013,2013Q3,9,September,3,Tuesday
2013-09-04,20130904,2013,2013Q3,9,September,4,Wednesday
2013-09-05,20130905,2013,2013Q3,9,September,5,Thursday
2013-09-06,20130906,2013,2013Q3,9,September,6,Friday
2013-09-07,20130907,2013,2013Q3,9,September,7,Saturday
2013-09-08,20130908,2013,2013Q3,9,September,8,Sunday
2013-09-09,20130909,2013,2013Q3,9,September,9,Monday
2013-09-10,20130910,2013,2013Q3,9,September,10,Tuesday
2013-09-11,20130911,2013,2013Q3,9,September,11,Wednesday
2013-09-12,20130912,2013,2013Q3,9,September,12,Thursday
2013-09-13,20130913,2013,2013Q3,9,September,13,Friday
2013-09-14,20130914,2013,2013Q3,9,September,14,Saturday
2013-09-15,20130915,2013,2013Q3,9,September,15,Sunday
2013-09-16,20130916,2013,2013Q3,9,September,16,Monday
2013-09-17,20130917,2013,2013Q3,9,September,17,Tuesday
2013-09-18,20130918,2013,2013Q3,9,September,18,Wednesday
2013-09-19,20130919,2013,2013Q3,9,September,19,Thursday
2013-09-20,20130920,2013,2013Q3,9,September,20,Friday
2013-09-21,20130921,2013,2013Q3,9,September,21,Saturday
2013-09-22,20130922,2013,2013Q3,9,September,22,Sunday
2013-09-23,20130923,2013,2013Q3,9,September,23,Monday
2013-09-24,20130924,2013,2013Q3,9,September,24,Tuesday
2013-09-25,20130925,2013,2013Q3,9,September,25,Wednesday
2013-09-26,20130926,2013,2013Q3,9,September,26,Thursday
2013-09-27,20130927,2013,2013Q3,9,September,27,Friday
2013-09-28,20130928,2013,2013Q3,9,September,28,Saturday
2013-09-29,20130929,2013,2013Q3,9,September,29,Sunday
2013-09-30,20130930,2013,2013Q3,9,September,30,Monday
2013-10-01,20131001,2013,2013Q4,10,October,1,Tuesday
2013-10-02,20131002,2013,2013Q4,10,October,2,Wednesday
2013-10-03,20131003,2013,2013Q4,10,October,3,Thursday
2013-10-04,20131004,2013,2013Q4,10,October,4,Friday
2013-10-05,20131005,2013,2013Q4,10,October,5,Saturday
2013-10-06,20131006,2013,2013Q4,10,October,6,Sunday
2013-10-07,20131007,2013,2013Q4,10,October,7,Monday
2013-10-08,20131008,2013,2013Q4,10,October,8,Tuesday
2013-10-09,20131009,2013,2013Q4,10,October,9,Wednesday
2013-10-10,20131010,2013,2013Q4,10,October,10,Thursday
2013-10-11,20131011,2013,2013Q4,10,October,11,Friday
2013-10-12,20131012,2013,2013Q4,10,October,12,Saturday
2013-10-13,20131013,2013,2013Q4,10,October,13,Sunday
2013-10-14,20131014,2013,2013Q4,10,October,14,Monday
2013-10-15,20131015,2013,2013Q4,10,October,15,Tuesday
2013-10-16,20131016,2013,2013Q4,10,October,16,Wednesday
2013-10-17,20131017,2013,2013Q4,10,October,17,Thursday
2013-10-18,20131018,2013,2013Q4,10,October,18,Friday
2013-10-19,20131019,2013,2013Q4,10,October,19,Saturday
2013-10-20,20131020,2013,2013Q4,10,October,20,Sunday
2013-10-21,20131021,2013,2013Q4,10,October,21,Monday
2013-10-22,20131022,2013,2013Q4,10,October,22,Tuesday
2013-10-23,20131023,2013,2013Q4,10,October,23,Wednesday
2013-10-24,20131024,2013,2013Q4,10,October,24,Thursday
2013-10-25,20131025,2013,2013Q4,10,October,25,Friday
2013-10-26,20131026,2013,2013Q4,10,October,26,Saturday
2013-10-27,20131027,2013,2013Q4,10,October,27,Sunday
2013-10-28,20131028,2013,2013Q4,10,October,28,Monday
2013-10-29,20131029,2013,2013Q4,10,October,29,Tuesday
2013-10-30,20131030,2013,2013Q4,10,October,30,Wednesday
2013-10-31,20131031,2013,2013Q4,10,October,31,Thursday
2013-11-01,20131101,2013,2013Q4,11,November,1,Friday
2013-11-02,20131102,2013,2013Q4,11,November,2,Saturday
2013-11-03,20131103,2013,2013Q4,11,November,3,Sunday
2013-11-04,20131104,2013,2013Q4,11,November,4,Monday
2013-11-05,20131105,2013,2013Q4,11,November,5,Tuesday
2013-11-06,20131106,2013,2013Q4,11,November,6,Wednesday
2013-11-07,20131107,2013,2013Q4,11,November,7,Thursday
2013-11-08,20131108,2013,2013Q4,11,November,8,Friday
2013-11-09,20131109,2013,2013Q4,11,November,9,Saturday
2013-11-10,20131110,2013,2013Q4,11,November,10,Sunday
2013-11-11,20131111,2013,2013Q4,11,November,11,Monday
2013-11-12,20131112,2013,2013Q4,11,November,12,Tuesday
2013-11-13,20131113,2013,2013Q4,11,November,13,Wednesday
2013-11-14,20131114,2013,2013Q4,11,November,14,Thursday
2013-11-15,20131115,2013,2013Q4,11,November,15,Friday
2013-11-16,20131116,2013,2013Q4,11,November,16,Saturday
2013-11-17,20131117,2013,2013Q4,11,November,17,Sunday
2013-11-18,20131118,2013,2013Q4,11,November,18,Monday
2013-11-19,20131119,2013,2013Q4,11,November,19,Tuesday
2013-11-20,20131120,2013,2013Q4,11,November,20,Wednesday
2013-11-21,20131121,2013,2013Q4,11,November,21,Thursday
2013-11-22,20131122,2013,2013Q4,11,November,22,Friday
2013-11-23,20131123,2013,2013Q4,11,November,23,Saturday
2013-11-24,20131124,2013,2013Q4,11,November,24,Sunday
2013-11-25,20131125,2013,2013Q4,11,November,25,Monday
2013-11-26,20131126,2013,2013Q4,11,November,26,Tuesday
2013-11-27,20131127,2013,2013Q4,11,November,27,Wednesday
2013-11-28,20131128,2013,2013Q4,11,November,28,Thursday
2013-11-29,20131129,2013,2013Q4,11,November,29,Friday
2013-11-30,20131130,2013,2013Q4,11,November,30,Saturday
2013-12-01,20131201,2013,2013Q4,12,December,1,Sunday
2013-12-02,20131202,2013,2013Q4,12,December,2,Monday
2013-12-03,20131203,2013,2013Q4,12,December,3,Tuesday
2013-12-04,20131204,2013,2013Q4,12,December,4,Wednesday
2013-12-05,20131205,2013,2013Q4,12,December,5,Thursday
2013-12-06,20131206,2013,2013Q4,12,December,6,Friday
2013-12-07,20131207,2013,2013Q4,12,December,7,Saturday
2013-12-08,20131208,2013,2013Q4,12,December,8,Sunday
2013-12-09,20131209,2013,2013Q4,12,December,9,Monday
2013-12-10,20131210,2013,2013Q4,12,December,10,Tuesday
2013-12-11,20131211,2013,2013Q4,12,December,11,Wednesday
2013-12-12,20131212,2013,2013Q4,12,December,12,Thursday
2013-12-13,20131213,2013,2013Q4,12,December,13,Friday
2013-12-14,20131214,2013,2013Q4,12,December,14,Saturday
2013-12-15,20131215,2013,2013Q4,12,December,15,Sunday
2013-12-16,20131216,2013,2013Q4,12,December,16,Monday
2013-12-17,20131217,2013,2013Q4,12,December,17,Tuesday
2013-12-18,20131218,2013,2013Q4,12,December,18,Wednesday
2013-12-19,20131219,2013,2013Q4,12,December,19,Thursday
2013-12-20,20131220,2013,2013Q4,12,December,20,Friday
2013-12-21,20131221,2013,2013Q4,12,December,21,Saturday
2013-12-22,20131222,2013,2013Q4,12,December,22,Sunday
2013-12-23,20131223,2013,2013Q4,12,December,23,Monday
2013-12-24,20131224,2013,2013Q4,12,December,24,Tuesday
2013-12-25,20131225,2013,2013Q4,12,December,25,Wednesday
2013-12-26,20131226,2013,2013Q4,12,December,26,Thursday
2013-12-27,20131227,2013,2013Q4,12,December,27,Friday
2013-12-28,20131228,2013,2013Q4,12,December,28,Saturday
2013-12-29,20131229,2013,2013Q4,12,December,29,Sunday
2013-12-30,20131230,2013,2013Q4,12,December,30,Monday
2013-12-31,20131231,2013,2013Q4,12,December,31,Tuesday
2014-01-01,20140101,2014,2014Q1,1,January,1,Wednesday
2014-01-02,20140102,2014,2014Q1,1,January,2,Thursday
2014-01-03,20140103,2014,2014Q1,1,January,3,Friday
2014-01-04,20140104,2014,2014Q1,1,January,4,Saturday
2014-01-05,20140105,2014,2014Q1,1,January,5,Sunday
2014-01-06,20140106,2014,2014Q1,1,January,6,Monday
2014-01-07,20140107,2014,2014Q1,1,January,7,Tuesday
2014-01-08,20140108,2014,2014Q1,1,January,8,Wednesday
2014-01-09,20140109,2014,2014Q1,1,January,9,Thursday
2014-01-10,20140110,2014,2014Q1,1,January,10,Friday
2014-01-11,20140111,2014,2014Q1,1,January,11,Saturday
2014-01-12,20140112,2014,2014Q1,1,January,12,Sunday
2014-01-13,20140113,2014,2014Q1,1,January,13,Monday
2014-01-14,20140114,2014,2014Q1,1,January,14,Tuesday
2014-01-15,20140115,2014,2014Q1,1,January,15,Wednesday
2014-01-16,20140116,2014,2014Q1,1,January,16,Thursday
2014-01-17,20140117,2014,2014Q1,1,January,17,Friday
2014-01-18,20140118,2014,2014Q1,1,January,18,Saturday
2014-01-19,20140119,2014,2014Q1,1,January,19,Sunday
2014-01-20,20140120,2014,2014Q1,1,January,20,Monday
2014-01-21,20140121,2014,2014Q1,1,January,21,Tuesday
2014-01-22,20140122,2014,2014Q1,1,January,22,Wednesday
2014-01-23,20140123,2014,2014Q1,1,January,23,Thursday
2014-01-24,20140124,2014,2014Q1,1,January,24,Friday
2014-01-25,20140125,2014,2014Q1,1,January,25,Saturday
2014-01-26,20140126,2014,2014Q1,1,January,26,Sunday
2014-01-27,20140127,2014,2014Q1,1,January,27,Monday
2014-01-28,20140128,2014,2014Q1,1,January,28,Tuesday
2014-01-29,20140129,2014,2014Q1,1,January,29,Wednesday
2014-01-30,20140130,2014,2014Q1,1,January,30,Thursday
2014-01-31,20140131,2014,2014Q1,1,January,31,Friday
2014-02-01,20140201,2014,2014Q1,2,February,1,Saturday
2014-02-02,20140202,2014,2014Q1,2,February,2,Sunday
2014-02-03,20140203,2014,2014Q1,2,February,3,Monday
2014-02-04,20140204,2014,2014Q1,2,February,4,Tuesday
2014-02-05,20140205,2014,2014Q1,2,February,5,Wednesday
2014-02-06,20140206,2014,2014Q1,2,February,6,Thursday
2014-02-07,20140207,2014,2014Q1,2,February,7,Friday
2014-02-08,20140208,2014,2014Q1,2,February,8,Saturday
2014-02-09,20140209,2014,2014Q1,2,February,9,Sunday
2014-02-10,20140210,2014,2014Q1,2,February,10,Monday
2014-02-11,20140211,2014,2014Q1,2,February,11,Tuesday
2014-02-12,20140212,2014,2014Q1,2,February,12,Wednesday
2014-02-13,20140213,2014,2014Q1,2,February,13,Thursday
2014-02-14,20140214,2014,2014Q1,2,February,14,Friday
2014-02-15,20140215,2014,2014Q1,2,February,15,Saturday
2014-02-16,20140216,2014,2014Q1,2,February,16,Sunday
2014-02-17,20140217,2014,2014Q1,2,February,17,Monday
2014-02-18,20140218,2014,2014Q1,2,February,18,Tuesday
2014-02-19,20140219,2014,2014Q1,2,February,19,Wednesday
2014-02-20,20140220,2014,2014Q1,2,February,20,Thursday
2014-02-21,20140221,2014,2014Q1,2,February,21,Friday
2014-02-22,20140222,2014,2014Q1,2,February,22,Saturday
2014-02-23,20140223,2014,2014Q1,2,February,23,Sunday
2014-02-24,20140224,2014,2014Q1,2,February,24,Monday
2014-02-25,20140225,2014,2014Q1,2,February,25,Tuesday
2014-02-26,20140226,2014,2014Q1,2,February,26,Wednesday
2014-02-27,20140227,2014,2014Q1,2,February,27,Thursday
2014-02-28,20140228,2014,2014Q1,2,February,28,Friday
2014-03-01,20140301,2014,2014Q1,3,March,1,Saturday
2014-03-02,20140302,2014,2014Q1,3,March,2,Sunday
2014-03-03,20140303,2014,2014Q1,3,March,3,Monday
2014-03-04,20140304,2014,2014Q1,3,March,4,Tuesday
2014-03-05,20140305,2014,2014Q1,3,March,5,Wednesday
2014-03-06,20140306,2014,2014Q1,3,March,6,Thursday
2014-03-07,20140307,2014,2014Q1,3,March,7,Friday
2014-03-08,20140308,2014,2014Q1,3,March,8,Saturday
2014-03-09,20140309,2014,2014Q1,3,March,9,Sunday
2014-03-10,20140310,2014,2014Q1,3,March,10,Monday
2014-03-11,20140311,2014,2014Q1,3,March,11,Tuesday
2014-03-12,20140312,2014,2014Q1,3,March,12,Wednesday
2014-03-13,20140313,2014,2014Q1,3,March,13,Thursday
2014-03-14,20140314,2014,2014Q1,3,March,14,Friday
2014-03-15,20140315,2014,2014Q1,3,March,15,Saturday
2014-03-16,20140316,2014,2014Q1,3,March,16,Sunday
2014-03-17,20140317,2014,2014Q1,3,March,17,Monday
2014-03-18,20140318,2014,2014Q1,3,March,18,Tuesday
2014-03-19,20140319,2014,2014Q1,3,March,19,Wednesday
2014-03-20,20140320,2014,2014Q1,3,March,20,Thursday
2014-03-21,20140321,2014,2014Q1,3,March,21,Friday
2014-03-22,20140322,2014,2014Q1,3,March,22,Saturday
2014-03-23,20140323,2014,2014Q1,3,March,23,Sunday
2014-03-24,20140324,2014,2014Q1,3,March,24,Monday
2014-03-25,20140325,2014,2014Q1,3,March,25,Tuesday
2014-03-26,20140326,2014,2014Q1,3,March,26,Wednesday
2014-03-27,20140327,2014,2014Q1,3,March,27,Thursday
2014-03-28,20140328,2014,2014Q1,3,March,28,Friday
2014-03-29,20140329,2014,2014Q1,3,March,29,Saturday
2014-03-30,20140330,2014,2014Q1,3,March,30,Sunday
2014-03-31,20140331,2014,2014Q1,3,March,31,Monday
2014-04-01,20140401,2014,2014Q2,4,April,1,Tuesday
2014-04-02,20140402,2014,2014Q2,4,April,2,Wednesday
2014-04-03,20140403,2014,2014Q2,4,April,3,Thursday
2014-04-04,20140404,2014,2014Q2,4,April,4,Friday
2014-04-05,20140405,2014,2014Q2,4,April,5,Saturday
2014-04-06,20140406,2014,2014Q2,4,April,6,Sunday
2014-04-07,20140407,2014,2014Q2,4,April,7,Monday
2014-04-08,20140408,2014,2014Q2,4,April,8,Tuesday
2014-04-09,20140409,2014,2014Q2,4,April,9,Wednesday
2014-04-10,20140410,2014,2014Q2,4,April,10,Thursday
2014-04-11,20140411,2014,2014Q2,4,April,11,Friday
2014-04-12,20140412,2014,2014Q2,4,April,12,Saturday
2014-04-13,20140413,2014,2014Q2,4,April,13,Sunday
2014-04-14,20140414,2014,2014Q2,4,April,14,Monday
2014-04-15,20140415,2014,2014Q2,4,April,15,Tuesday
2014-04-16,20140416,2014,2014Q2,4,April,16,Wednesday
2014-04-17,20140417,2014,2014Q2,4,April,17,Thursday
2014-04-18,20140418,2014,2014Q2,4,April,18,Friday
2014-04-19,20140419,2014,2014Q2,4,April,19,Saturday
2014-04-20,20140420,2014,2014Q2,4,April,20,Sunday
2014-04-21,20140421,2014,2014Q2,4,April,21,Monday
2014-04-22,20140422,2014,2014Q2,4,April,22,Tuesday
2014-04-23,20140423,2014,2014Q2,4,April,23,Wednesday
2014-04-24,20140424,2014,2014Q2,4,April,24,Thursday
2014-04-25,20140425,2014,2014Q2,4,April,25,Friday
2014-04-26,20140426,2014,2014Q2,4,April,26,Saturday
2014-04-27,20140427,2014,2014Q2,4,April,27,Sunday
2014-04-28,20140428,2014,2014Q2,4,April,28,Monday
2014-04-29,20140429,2014,2014Q2,4,April,29,Tuesday
2014-04-30,20140430,2014,2014Q2,4,April,30,Wednesday
2014-05-01,20140501,2014,2014Q2,5,May,1,Thursday
2014-05-02,20140502,2014,2014Q2,5,May,2,Friday
2014-05-03,20140503,2014,2014Q2,5,May,3,Saturday
2014-05-04,20140504,2014,2014Q2,5,May,4,Sunday
2014-05-05,20140505,2014,2014Q2,5,May,5,Monday
2014-05-06,20140506,2014,2014Q2,5,May,6,Tuesday
2014-05-07,20140507,2014,2014Q2,5,May,7,Wednesday
2014-05-08,20140508,2014,2014Q2,5,May,8,Thursday
2014-05-09,20140509,2014,2014Q2,5,May,9,Friday
2014-05-10,20140510,2014,2014Q2,5,May,10,Saturday
2014-05-11,20140511,2014,2014Q2,5,May,11,Sunday
2014-05-12,20140512,2014,2014Q2,5,May,12,Monday
2014-05-13,20140513,2014,2014Q2,5,May,13,Tuesday
2014-05-14,20140514,2014,2014Q2,5,May,14,Wednesday
2014-05-15,20140515,2014,2014Q2,5,May,15,Thursday
2014-05-16,20140516,2014,2014Q2,5,May,16,Friday
2014-05-17,20140517,2014,2014Q2,5,May,17,Saturday
2014-05-18,20140518,2014,2014Q2,5,May,18,Sunday
2014-05-19,20140519,2014,2014Q2,5,May,19,Monday
2014-05-20,20140520,2014,2014Q2,5,May,20,Tuesday
2014-05-21,20140521,2014,2014Q2,5,May,21,Wednesday
2014-05-22,20140522,2014,2014Q2,5,May,22,Thursday
2014-05-23,20140523,2014,2014Q2,5,May,23,Friday
2014-05-24,20140524,2014,2014Q2,5,May,24,Saturday
2014-05-25,20140525,2014,2014Q2,5,May,25,Sunday
2014-05-26,20140526,2014,2014Q2,5,May,26,Monday
2014-05-27,20140527,2014,2014Q2,5,May,27,Tuesday
2014-05-28,20140528,2014,2014Q2,5,May,28,Wednesday
2014-05-29,20140529,2014,2014Q2,5,May,29,Thursday
2014-05-30,20140530,2014,2014Q2,5,May,30,Friday
2014-05-31,20140531,2014,2014Q2,5,May,31,Saturday
2014-06-01,20140601,2014,2014Q2,6,June,1,Sunday
2014-06-02,20140602,2014,2014Q2,6,June,2,Monday
2014-06-03,20140603,2014,2014Q2,6,June,3,Tuesday
2014-06-04,20140604,2014,2014Q2,6,June,4,Wednesday
2014-06-05,20140605,2014,2014Q2,6,June,5,Thursday
2014-06-06,20140606,2014,2014Q2,6,June,6,Friday
2014-06-07,20140607,2014,2014Q2,6,June,7,Saturday
2014-06-08,20140608,2014,2014Q2,6,June,8,Sunday
2014-06-09,20140609,2014,2014Q2,6,June,9,Monday
2014-06-10,20140610,2014,2014Q2,6,June,10,Tuesday
2014-06-11,20140611,2014,2014Q2,6,June,11,Wednesday
2014-06-12,20140612,2014,2014Q2,6,June,12,Thursday
2014-06-13,20140613,2014,2014Q2,6,June,13,Friday
2014-06-14,20140614,2014,2014Q2,6,June,14,Saturday
2014-06-15,20140615,2014,2014Q2,6,June,15,Sunday
2014-06-16,20140616,2014,2014Q2,6,June,16,Monday
2014-06-17,20140617,2014,2014Q2,6,June,17,Tuesday
2014-06-18,20140618,2014,2014Q2,6,June,18,Wednesday
2014-06-19,20140619,2014,2014Q2,6,June,19,Thursday
2014-06-20,20140620,2014,2014Q2,6,June,20,Friday
2014-06-21,20140621,2014,2014Q2,6,June,21,Saturday
2014-06-22,20140622,2014,2014Q2,6,June,22,Sunday
2014-06-23,20140623,2014,2014Q2,6,June,23,Monday
2014-06-24,20140624,2014,2014Q2,6,June,24,Tuesday
2014-06-25,20140625,2014,2014Q2,6,June,25,Wednesday
2014-06-26,20140626,2014,2014Q2,6,June,26,Thursday
2014-06-27,20140627,2014,2014Q2,6,June,27,Friday
2014-06-28,20140628,2014,2014Q2,6,June,28,Saturday
2014-06-29,20140629,2014,2014Q2,6,June,29,Sunday
2014-06-30,20140630,2014,2014Q2,6,June,30,Monday
2014-07-01,20140701,2014,2014Q3,7,July,1,Tuesday
2014-07-02,20140702,2014,2014Q3,7,July,2,Wednesday
2014-07-03,20140703,2014,2014Q3,7,July,3,Thursday
2014-07-04,20140704,2014,2014Q3,7,July,4,Friday
2014-07-05,20140705,2014,2014Q3,7,July,5,Saturday
2014-07-06,20140706,2014,2014Q3,7,July,6,Sunday
2014-07-07,20140707,2014,2014Q3,7,July,7,Monday
2014-07-08,20140708,2014,2014Q3,7,July,8,Tuesday
2014-07-09,20140709,2014,2014Q3,7,July,9,Wednesday
2014-07-10,20140710,2014,2014Q3,7,July,10,Thursday
2014-07-11,20140711,2014,2014Q3,7,July,11,Friday
2014-07-12,20140712,2014,2014Q3,7,July,12,Saturday
2014-07-13,20140713,2014,2014Q3,7,July,13,Sunday
2014-07-14,20140714,2014,2014Q3,7,July,14,Monday
2014-07-15,20140715,2014,2014Q3,7,July,15,Tuesday
2014-07-16,20140716,2014,2014Q3,7,July,16,Wednesday
2014-07-17,20140717,2014,2014Q3,7,July,17,Thursday
2014-07-18,20140718,2014,2014Q3,7,July,18,Friday
2014-07-19,20140719,2014,2014Q3,7,July,19,Saturday
2014-07-20,20140720,2014,2014Q3,7,July,20,Sunday
2014-07-21,20140721,2014,2014Q3,7,July,21,Monday
2014-07-22,20140722,2014,2014Q3,7,July,22,Tuesday
2014-07-23,20140723,2014,2014Q3,7,July,23,Wednesday
2014-07-24,20140724,2014,2014Q3,7,July,24,Thursday
2014-07-25,20140725,2014,2014Q3,7,July,25,Friday
2014-07-26,20140726,2014,2014Q3,7,July,26,Saturday
2014-07-27,20140727,2014,2014Q3,7,July,27,Sunday
2014-07-28,20140728,2014,2014Q3,7,July,28,Monday
2014-07-29,20140729,2014,2014Q3,7,July,29,Tuesday
2014-07-30,20140730,2014,2014Q3,7,July,30,Wednesday
2014-07-31,20140731,2014,2014Q3,7,July,31,Thursday
2014-08-01,20140801,2014,2014Q3,8,August,1,Friday
2014-08-02,20140802,2014,2014Q3,8,August,2,Saturday
2014-08-03,20140803,2014,2014Q3,8,August,3,Sunday
2014-08-04,20140804,2014,2014Q3,8,August,4,Monday
2014-08-05,20140805,2014,2014Q3,8,August,5,Tuesday
2014-08-06,20140806,2014,2014Q3,8,August,6,Wednesday
2014-08-07,20140807,2014,2014Q3,8,August,7,Thursday
2014-08-08,20140808,2014,2014Q3,8,August,8,Friday
2014-08-09,20140809,2014,2014Q3,8,August,9,Saturday
2014-08-10,20140810,2014,2014Q3,8,August,10,Sunday
2014-08-11,20140811,2014,2014Q3,8,August,11,Monday
2014-08-12,20140812,2014,2014Q3,8,August,12,Tuesday
2014-08-13,20140813,2014,2014Q3,8,August,13,Wednesday
2014-08-14,20140814,2014,2014Q3,8,August,14,Thursday
2014-08-15,20140815,2014,2014Q3,8,August,15,Friday
2014-08-16,20140816,2014,2014Q3,8,August,16,Saturday
2014-08-17,20140817,2014,2014Q3,8,August,17,Sunday
2014-08-18,20140818,2014,2014Q3,8,August,18,Monday
2014-08-19,20140819,2014,2014Q3,8,August,19,Tuesday
2014-08-20,20140820,2014,2014Q3,8,August,20,Wednesday
2014-08-21,20140821,2014,2014Q3,8,August,21,Thursday
2014-08-22,20140822,2014,2014Q3,8,August,22,Friday
2014-08-23,20140823,2014,2014Q3,8,August,23,Saturday
2014-08-24,20140824,2014,2014Q3,8,August,24,Sunday
2014-08-25,20140825,2014,2014Q3,8,August,25,Monday
2014-08-26,20140826,2014,2014Q3,8,August,26,Tuesday
2014-08-27,20140827,2014,2014Q3,8,August,27,Wednesday
2014-08-28,20140828,2014,2014Q3,8,August,28,Thursday
2014-08-29,20140829,2014,2014Q3,8,August,29,Friday
2014-08-30,20140830,2014,2014Q3,8,August,30,Saturday
2014-08-31,20140831,2014,2014Q3,8,August,31,Sunday
2014-09-01,20140901,2014,2014Q3,9,September,1,Monday
2014-09-02,20140902,2014,2014Q3,9,September,2,Tuesday
2014-09-03,20140903,2014,2014Q3,9,September,3,Wednesday
2014-09-04,20140904,2014,2014Q3,9,September,4,Thursday
2014-09-05,20140905,2014,2014Q3,9,September,5,Friday
2014-09-06,20140906,2014,2014Q3,9,September,6,Saturday
2014-09-07,20140907,2014,2014Q3,9,September,7,Sunday
2014-09-08,20140908,2014,2014Q3,9,September,8,Monday
2014-09-09,20140909,2014,2014Q3,9,September,9,Tuesday
2014-09-10,20140910,2014,2014Q3,9,September,10,Wednesday
2014-09-11,20140911,2014,2014Q3,9,September,11,Thursday
2014-09-12,20140912,2014,2014Q3,9,September,12,Friday
2014-09-13,20140913,2014,2014Q3,9,September,13,Saturday
2014-09-14,20140914,2014,2014Q3,9,September,14,Sunday
2014-09-15,20140915,2014,2014Q3,9,September,15,Monday
2014-09-16,20140916,2014,2014Q3,9,September,16,Tuesday
2014-09-17,20140917,2014,2014Q3,9,September,17,Wednesday
2014-09-18,20140918,2014,2014Q3,9,September,18,Thursday
2014-09-19,20140919,2014,2014Q3,9,September,19,Friday
2014-09-20,20140920,2014,2014Q3,9,September,20,Saturday
2014-09-21,20140921,2014,2014Q3,9,September,21,Sunday
2014-09-22,20140922,2014,2014Q3,9,September,22,Monday
2014-09-23,20140923,2014,2014Q3,9,September,23,Tuesday
2014-09-24,20140924,2014,2014Q3,9,September,24,Wednesday
2014-09-25,20140925,2014,2014Q3,9,September,25,Thursday
2014-09-26,20140926,2014,2014Q3,9,September,26,Friday
2014-09-27,20140927,2014,2014Q3,9,September,27,Saturday
2014-09-28,20140928,2014,2014Q3,9,September,28,Sunday
2014-09-29,20140929,2014,2014Q3,9,September,29,Monday
2014-09-30,20140930,2014,2014Q3,9,September,30,Tuesday
2014-10-01,20141001,2014,2014Q4,10,October,1,Wednesday
2014-10-02,20141002,2014,2014Q4,10,October,2,Thursday
2014-10-03,20141003,2014,2014Q4,10,October,3,Friday
2014-10-04,20141004,2014,2014Q4,10,October,4,Saturday
2014-10-05,20141005,2014,2014Q4,10,October,5,Sunday
2014-10-06,20141006,2014,2014Q4,10,October,6,Monday
2014-10-07,20141007,2014,2014Q4,10,October,7,Tuesday
2014-10-08,20141008,2014,2014Q4,10,October,8,Wednesday
2014-10-09,20141009,2014,2014Q4,10,October,9,Thursday
2014-10-10,20141010,2014,2014Q4,10,October,10,Friday
2014-10-11,20141011,2014,2014Q4,10,October,11,Saturday
2014-10-12,20141012,2014,2014Q4,10,October,12,Sunday
2014-10-13,20141013,2014,2014Q4,10,October,13,Monday
2014-10-14,20141014,2014,2014Q4,10,October,14,Tuesday
2014-10-15,20141015,2014,2014Q4,10,October,15,Wednesday
2014-10-16,20141016,2014,2014Q4,10,October,16,Thursday
2014-10-17,20141017,2014,2014Q4,10,October,17,Friday
2014-10-18,20141018,2014,2014Q4,10,October,18,Saturday
2014-10-19,20141019,2014,2014Q4,10,October,19,Sunday
2014-10-20,20141020,2014,2014Q4,10,October,20,Monday
2014-10-21,20141021,2014,2014Q4,10,October,21,Tuesday
2014-10-22,20141022,2014,2014Q4,10,October,22,Wednesday
2014-10-23,20141023,2014,2014Q4,10,October,23,Thursday
2014-10-24,20141024,2014,2014Q4,10,October,24,Friday
2014-10-25,20141025,2014,2014Q4,10,October,25,Saturday
2014-10-26,20141026,2014,2014Q4,10,October,26,Sunday
2014-10-27,20141027,2014,2014Q4,10,October,27,Monday
2014-10-28,20141028,2014,2014Q4,10,October,28,Tuesday
2014-10-29,20141029,2014,2014Q4,10,October,29,Wednesday
2014-10-30,20141030,2014,2014Q4,10,October,30,Thursday
2014-10-31,20141031,2014,2014Q4,10,October,31,Friday
2014-11-01,20141101,2014,2014Q4,11,November,1,Saturday
2014-11-02,20141102,2014,2014Q4,11,November,2,Sunday
2014-11-03,20141103,2014,2014Q4,11,November,3,Monday
2014-11-04,20141104,2014,2014Q4,11,November,4,Tuesday
2014-11-05,20141105,2014,2014Q4,11,November,5,Wednesday
2014-11-06,20141106,2014,2014Q4,11,November,6,Thursday
2014-11-07,20141107,2014,2014Q4,11,November,7,Friday
2014-11-08,20141108,2014,2014Q4,11,November,8,Saturday
2014-11-09,20141109,2014,2014Q4,11,November,9,Sunday
2014-11-10,20141110,2014,2014Q4,11,November,10,Monday
2014-11-11,20141111,2014,2014Q4,11,November,11,Tuesday
2014-11-12,20141112,2014,2014Q4,11,November,12,Wednesday
2014-11-13,20141113,2014,2014Q4,11,November,13,Thursday
2014-11-14,20141114,2014,2014Q4,11,November,14,Friday
2014-11-15,20141115,2014,2014Q4,11,November,15,Saturday
2014-11-16,20141116,2014,2014Q4,11,November,16,Sunday
2014-11-17,20141117,2014,2014Q4,11,November,17,Monday
2014-11-18,20141118,2014,2014Q4,11,November,18,Tuesday
2014-11-19,20141119,2014,2014Q4,11,November,19,Wednesday
2014-11-20,20141120,2014,2014Q4,11,November,20,Thursday
2014-11-21,20141121,2014,2014Q4,11,November,21,Friday
2014-11-22,20141122,2014,2014Q4,11,November,22,Saturday
2014-11-23,20141123,2014,2014Q4,11,November,23,Sunday
2014-11-24,20141124,2014,2014Q4,11,November,24,Monday
2014-11-25,20141125,2014,2014Q4,11,November,25,Tuesday
2014-11-26,20141126,2014,2014Q4,11,November,26,Wednesday
2014-11-27,20141127,2014,2014Q4,11,November,27,Thursday
2014-11-28,20141128,2014,2014Q4,11,November,28,Friday
2014-11-29,20141129,2014,2014Q4,11,November,29,Saturday
2014-11-30,20141130,2014,2014Q4,11,November,30,Sunday
2014-12-01,20141201,2014,2014Q4,12,December,1,Monday
2014-12-02,20141202,2014,2014Q4,12,December,2,Tuesday
2014-12-03,20141203,2014,2014Q4,12,December,3,Wednesday
2014-12-04,20141204,2014,2014Q4,12,December,4,Thursday
2014-12-05,20141205,2014,2014Q4,12,December,5,Friday
2014-12-06,20141206,2014,2014Q4,12,December,6,Saturday
2014-12-07,20141207,2014,2014Q4,12,December,7,Sunday
2014-12-08,20141208,2014,2014Q4,12,December,8,Monday
2014-12-09,20141209,2014,2014Q4,12,December,9,Tuesday
2014-12-10,20141210,2014,2014Q4,12,December,10,Wednesday
2014-12-11,20141211,2014,2014Q4,12,December,11,Thursday
2014-12-12,20141212,2014,2014Q4,12,December,12,Friday
2014-12-13,20141213,2014,2014Q4,12,December,13,Saturday
2014-12-14,20141214,2014,2014Q4,12,December,14,Sunday
2014-12-15,20141215,2014,2014Q4,12,December,15,Monday
2014-12-16,20141216,2014,2014Q4,12,December,16,Tuesday
2014-12-17,20141217,2014,2014Q4,12,December,17,Wednesday
2014-12-18,20141218,2014,2014Q4,12,December,18,Thursday
2014-12-19,20141219,2014,2014Q4,12,December,19,Friday
2014-12-20,20141220,2014,2014Q4,12,December,20,Saturday
2014-12-21,20141221,2014,2014Q4,12,December,21,Sunday
2014-12-22,20141222,2014,2014Q4,12,December,22,Monday
2014-12-23,20141223,2014,2014Q4,12,December,23,Tuesday
2014-12-24,20141224,2014,2014Q4,12,December,24,Wednesday
2014-12-25,20141225,2014,2014Q4,12,December,25,Thursday
2014-12-26,20141226,2014,2014Q4,12,December,26,Friday
2014-12-27,20141227,2014,2014Q4,12,December,27,Saturday
2014-12-28,20141228,2014,2014Q4,12,December,28,Sunday
2014-12-29,20141229,2014,2014Q4,12,December,29,Monday
2014-12-30,20141230,2014,2014Q4,12,December,30,Tuesday
2014-12-31,20141231,2014,2014Q4,12,December,31,Wednesday
2015-01-01,20150101,2015,2015Q1,1,January,1,Thursday
2015-01-02,20150102,2015,2015Q1,1,January,2,Friday
2015-01-03,20150103,2015,2015Q1,1,January,3,Saturday
2015-01-04,20150104,2015,2015Q1,1,January,4,Sunday
2015-01-05,20150105,2015,2015Q1,1,January,5,Monday
2015-01-06,20150106,2015,2015Q1,1,January,6,Tuesday
2015-01-07,20150107,2015,2015Q1,1,January,7,Wednesday
